Int. Arr. by Port,n_vys,n_imo,tps_mn_gtnm,tps_mn_dwtnm,aby_vys,aby_flt,aby_gtnm,aby_dwtnm,avd_vys,avd_flt,avd_gtnm,avd_dwtnm,avt_vys,avt_flt,avt_gtnm,avt_dwtnm,apt_vys,apt_flt,apt_gtnm,apt_dwtnm,ene_tj,co2_t,co2e_t,s24_30,s24_40,s24_50,s24_30_voy,s24_40_voy,s24_50_voy
Port Everglades,2026,324,80039.7,37619.5,2005.0,2006.0,2007.9,2007.4,795.7,1708.4,861.7,1136.3,61.0,152.5,107.0,206.6,12.0,48.6,24.1,53.8,14190.1,1092633.8,1113612.4,35626120.5,155642148.1,188600269.7,17584.5,78121.7,94592.2
Miami Beach,1576,139,61842.0,18321.4,2003.1,2002.0,2006.6,2005.8,631.8,1022.1,592.7,906.3,39.0,95.4,68.1,133.3,10.0,45.6,15.4,28.0,12211.6,940643.8,958704.1,20528566.0,106150406.0,128770365.1,13025.7,64565.5,77443.9
Long Beach,1236,601,413032.2,542569.5,2008.8,2009.9,2010.8,2011.0,5021.2,4625.1,4590.2,5371.6,289.0,387.4,471.5,554.5,66.0,83.4,104.5,113.0,44938.0,3466292.6,3532845.4,223837917.9,574386336.1,668822426.9,181098.6,605536.9,726107.6
Palm Beach,1213,60,4445.1,4371.3,1989.0,1997.7,1997.7,2000.9,198.0,1213.7,272.5,662.6,18.0,112.9,94.9,118.9,10.0,34.2,31.4,34.5,1651.7,126187.7,128610.5,5959010.6,25507928.7,24367937.6,4912.6,16884.5,21209.7
Houston,1168,650,124335.5,177931.0,2008.9,2009.4,2010.9,2010.4,1606.8,3204.3,3225.6,2990.8,199.0,344.8,622.8,609.4,46.0,57.1,62.8,61.9,15140.2,1162720.4,1185044.6,61947302.0,254600718.9,255791992.7,53037.1,272379.1,376081.8
Baytown,1130,522,164472.1,203366.4,2007.4,2007.8,2008.6,2008.4,1150.0,3418.1,3225.7,3195.7,131.0,303.6,505.8,505.7,35.0,55.5,54.9,57.8,22164.4,1696736.8,1729314.1,125213651.2,357146333.7,391399343.0,110808.5,376508.8,460136.3
Los Angeles,1127,441,418147.8,451865.1,2007.8,2008.0,2009.2,2009.3,5693.1,4645.1,4883.0,5258.6,300.0,330.3,323.3,332.8,70.0,74.9,85.4,85.9,50701.6,3915311.7,3990485.7,262717373.9,683158833.9,790464493.6,233112.1,738307.7,866208.8
Newark,803,357,252029.2,264856.5,2007.4,2008.2,2010.1,2010.0,3392.7,4252.9,4659.9,4977.4,207.0,298.7,448.4,446.9,26.0,43.3,43.8,45.9,26516.8,2046319.4,2085608.7,130948532.2,360252844.0,430213174.8,163074.1,575100.9,685647.9
Seattle,761,249,46572.4,59663.8,1999.8,2003.4,2011.2,2011.5,162.4,2452.4,974.7,1808.7,13.0,236.1,352.5,410.0,28.0,132.5,121.2,149.0,5146.4,394558.5,402134.1,22157086.3,65206688.7,77762249.9,29115.8,114210.5,137590.3
Baltimore,752,460,126464.8,134165.6,2007.6,2009.0,2008.6,2009.7,3516.9,3672.5,3204.5,3867.7,254.0,362.2,405.8,539.9,33.0,63.5,45.9,58.8,9937.3,761840.0,776467.3,54921376.5,177786447.0,208090298.5,73033.7,265933.6,304019.1
Pasadena,737,574,70526.6,100233.0,2009.5,2009.8,2011.5,2011.3,1933.4,3429.7,3874.6,3750.5,216.0,337.3,628.8,617.1,68.0,87.2,101.3,103.5,8379.1,644240.3,656609.8,35499828.2,140484302.8,152900030.7,48168.0,256785.1,344073.2
Galveston,722,359,77076.7,71181.4,2008.4,2009.5,2009.5,2010.8,1071.0,3268.7,1695.5,3325.9,79.5,314.5,387.7,596.8,19.0,73.5,52.1,85.3,10584.9,811737.3,827322.7,29275103.9,122730427.5,148286815.8,40547.2,201944.2,258924.4
Savannah,713,356,242185.2,268115.6,2008.5,2008.8,2009.8,2009.7,3948.1,4739.8,5737.9,5595.5,311.0,352.8,533.2,528.8,22.0,47.8,28.7,30.2,28820.1,2225984.2,2268723.1,152244319.2,428810045.2,492715479.5,213526.4,713337.9,834736.4
Tampa,685,237,32261.2,31253.7,2003.0,2007.0,2005.8,2009.2,936.7,2676.1,1144.4,2150.4,73.0,264.8,301.3,482.5,14.0,96.2,50.0,77.4,5303.2,405886.5,413679.5,22765973.3,67586498.0,77020403.9,33235.0,119596.7,136732.3
Meraux,628,473,60520.5,91397.8,2008.6,2009.8,2010.0,2010.9,1525.2,3405.8,2286.3,3521.2,159.0,328.7,488.0,557.7,41.0,86.8,89.3,101.2,7258.1,557153.9,567851.2,30706845.1,95950329.8,117555301.6,48896.3,210231.7,258645.0
Port Laudania,607,31,1696.9,2195.3,2005.1,2004.5,2006.2,2006.3,284.6,653.4,781.8,775.0,33.0,54.3,64.6,64.2,10.0,15.0,18.2,18.0,624.7,47749.3,48666.1,4118506.3,12870844.4,13056003.4,6785.0,19153.0,22368.1
Cape Canaveral,602,150,34609.7,17212.3,2002.9,2006.0,2007.1,2009.1,358.6,2719.4,730.2,1882.7,38.0,221.2,206.6,412.8,9.0,40.6,22.7,51.1,5400.3,415134.8,423105.4,9140438.4,50121097.9,64172445.4,15183.5,87804.6,108743.3
Tacoma,601,283,114497.7,115217.6,2004.0,2006.5,2007.2,2007.7,4354.8,3551.1,3891.5,4188.5,269.0,270.1,320.4,340.4,37.0,92.7,76.9,103.0,11791.1,909743.5,927210.6,70723636.3,206837193.9,235605622.0,117676.6,382748.8,440247.6
Bolivar,594,449,38318.0,55492.0,2008.9,2009.1,2009.8,2009.6,1655.6,2535.5,2651.3,2501.1,160.5,240.8,431.8,410.9,35.0,53.9,52.8,54.7,5194.8,397533.6,405166.3,22076895.5,90424001.4,101388763.5,37166.5,193742.7,248807.3
Corpus Christi,553,405,57929.1,98106.9,2009.0,2009.0,2009.5,2009.6,1730.8,2991.0,3198.0,3213.9,210.0,333.8,610.3,621.5,44.0,63.1,69.2,69.6,6387.1,490484.5,499901.8,40211960.9,108130017.8,127396709.7,72716.0,260996.4,323823.6
Jacksonville,553,149,41381.3,23042.4,1996.7,2001.6,2005.5,2006.4,1204.6,3931.0,3747.4,2576.1,119.0,282.9,482.9,390.8,30.0,43.1,26.7,38.9,4296.0,315018.6,321067.0,20866765.7,73968483.3,88505185.7,37733.8,134971.3,157364.2
Port Newark,479,233,129467.3,151684.7,2008.2,2008.2,2007.3,2007.3,3201.9,4147.3,4308.1,4271.2,194.0,274.0,425.7,426.0,29.0,38.8,39.2,39.9,15872.6,1224375.9,1247883.9,85004752.9,230565735.2,267195967.7,177462.9,581756.7,683661.1
New York,476,269,143939.5,150469.4,2009.4,2009.7,2012.1,2011.8,3240.2,4146.0,4351.9,5618.4,278.0,338.0,507.9,534.4,31.5,54.4,44.6,49.0,14895.6,1147906.2,1169946.0,65780407.6,191228607.2,232558639.8,138194.1,528106.0,640553.6
Rouge River,413,94,1446.7,2207.2,1982.6,1985.3,1985.2,1985.2,217.5,221.0,218.0,216.9,23.0,29.0,27.7,27.4,3.0,19.6,10.7,10.8,216.8,16270.4,16582.8,1078595.3,2653086.4,3759390.7,2611.6,10112.3,12743.3
Freeport,394,252,46657.4,58642.8,2007.2,2009.0,2010.8,2010.7,1314.2,3219.1,3136.4,3157.0,108.0,281.2,596.6,606.9,42.5,76.6,70.7,74.7,4846.7,372016.8,379159.5,22688885.5,92916596.3,91365766.1,57586.0,292101.3,409050.9
Port Sulphur,388,352,39073.8,66850.6,2009.7,2009.8,2009.6,2009.7,1659.5,2954.1,3072.6,3346.1,170.5,282.4,499.9,516.3,38.0,82.3,64.5,65.4,3748.2,288049.5,293580.1,23250670.8,62073574.0,74555264.7,59924.4,222236.5,272028.7
Gloucester,382,160,35359.7,38618.6,2004.3,2005.9,2008.9,2009.2,1981.0,4069.8,2953.5,2793.4,123.0,322.7,390.7,374.4,33.5,59.5,41.9,50.3,4966.3,380879.3,388192.1,30770786.5,88672943.4,102546270.1,80551.8,256335.1,297105.8
Mobile,367,263,38445.2,60660.4,2007.2,2009.0,2010.6,2011.2,1674.2,3431.9,3203.1,3304.9,180.0,330.0,491.7,509.4,58.0,87.6,83.4,91.5,3556.4,272991.5,278232.9,21759237.8,57093814.6,69044513.4,59289.5,219662.6,267351.6
Lake Charles,365,277,26023.6,45534.8,2007.6,2008.4,2008.9,2008.9,1699.6,2229.8,2030.3,2045.2,206.0,286.8,422.9,428.9,53.0,75.7,80.3,80.4,3513.3,268945.7,274109.5,18965894.9,53046106.7,61314601.2,51961.4,184152.2,226897.0
Southwest Pass,346,327,39160.8,69132.1,2009.2,2009.4,2009.7,2009.8,1985.1,3115.0,3392.1,3511.1,217.0,308.1,541.1,550.9,20.0,50.2,55.5,55.0,3748.7,288468.7,294007.3,25910217.0,65187130.4,77783247.1,74885.0,260595.8,319763.8
St Rose,324,277,28215.8,49165.0,2010.4,2010.3,2011.2,2011.1,1720.3,2862.2,3062.6,3119.8,222.0,308.1,478.7,482.8,47.0,72.6,91.6,92.7,3159.6,242287.1,246939.1,17391853.6,49452507.4,58603158.9,53678.6,209901.7,256962.7
Duluth,322,76,2999.6,5309.7,1980.9,1985.7,1981.8,1980.9,343.5,428.0,404.8,396.8,30.0,41.8,49.5,47.5,16.0,24.4,19.6,19.0,415.7,31215.4,31814.7,1907217.4,4889143.1,6622392.9,5923.0,24225.1,30272.4
Sault Ste Marie,318,128,1884.3,2965.0,1994.7,1997.4,1995.9,1995.5,239.5,343.1,292.9,289.7,24.0,46.6,41.0,39.5,1.0,5.7,6.1,5.9,244.1,18334.9,18686.9,1341907.4,3266711.6,4581064.4,4219.8,16425.2,20545.0
Wilmington,317,179,23604.3,30373.9,2004.9,2006.4,2006.8,2007.7,2097.7,3828.0,3166.4,3349.0,220.0,348.5,383.1,427.1,42.0,66.4,62.9,69.2,3495.6,268190.1,273339.3,18892195.1,57300610.5,68616428.6,59596.8,213986.2,257291.7
Boston,315,120,25031.0,27439.9,2005.8,2008.3,2005.0,2006.1,873.1,2513.2,1987.1,2298.5,83.0,249.0,301.0,322.2,27.0,50.9,36.8,46.2,3787.8,277335.7,282660.5,13969006.8,49435439.4,54002520.9,44346.1,184390.8,229726.8
Miami,310,25,1501.9,2690.1,1989.9,1986.3,2005.2,2006.5,574.4,1063.3,2448.2,3490.4,59.5,124.4,1089.5,1168.4,28.0,187.3,56.0,53.6,211.1,16021.3,16328.9,1689318.1,4712331.0,5962932.4,5449.4,16848.7,22863.9
Texas City,308,238,25564.7,45642.3,2009.0,2009.4,2010.3,2010.4,1326.5,2097.3,2851.1,2960.3,178.5,264.7,749.0,780.7,46.0,49.9,63.4,65.0,2977.5,228223.9,232605.8,13400998.3,43311781.0,48882047.5,43509.7,181147.6,224085.1
Thenard,303,121,51191.8,45974.9,2005.7,2006.7,2005.0,2006.7,4314.0,3639.0,3710.6,3331.5,292.0,312.0,321.4,329.2,18.0,37.4,39.7,49.9,5583.7,430513.9,438779.8,34891210.6,99887983.6,114599075.9,115152.5,354455.1,408912.3
Blount Island,294,151,32269.2,13791.3,2002.7,2005.1,2006.5,2006.1,1423.1,3273.4,2138.2,2624.0,105.5,240.9,339.0,350.8,11.0,28.5,20.3,32.0,2700.8,207083.6,211059.6,13235650.5,51584333.5,59522323.3,45019.2,166689.4,183418.5
Norfolk,272,155,44451.5,65519.1,2008.8,2009.6,2009.6,2010.1,3608.7,3285.3,3531.7,3597.8,254.5,509.1,468.1,528.9,35.5,81.1,58.5,67.1,5162.1,396374.1,403984.5,30291659.5,79408091.5,90339165.3,111366.4,361540.1,426602.9
Port Neches,268,200,50095.5,69699.7,2010.3,2010.3,2012.6,2012.2,2076.5,3724.5,3949.7,3454.6,333.0,395.3,663.0,627.1,50.5,57.7,62.5,62.8,5437.0,417915.6,425939.5,24450815.9,98991964.2,93317937.8,91234.4,449766.4,645336.4
Port Arthur,263,234,19431.5,32048.8,2008.8,2008.9,2008.7,2008.7,1671.9,2022.0,2112.8,2028.4,219.0,270.4,432.2,427.9,46.0,59.8,58.3,58.5,2717.1,208289.2,212288.3,13304912.7,40654993.5,47819506.4,50589.0,196577.6,243652.4
Charleston,261,150,32657.2,33717.6,2001.7,2005.5,2003.9,2005.3,1732.7,3267.6,2312.4,3052.8,148.0,281.3,311.7,357.7,13.0,33.7,24.6,26.3,4350.9,334227.9,340645.1,23070663.2,65266358.2,74453897.0,88393.3,286503.3,329499.5
Taft,250,216,30933.8,54925.3,2009.4,2009.7,2010.0,2009.9,2166.6,3524.9,3800.1,3873.4,246.5,354.9,593.4,599.4,75.0,95.0,105.3,105.7,2713.1,208480.5,212483.4,16661873.1,46293783.6,54894830.6,66647.5,265627.4,325397.7
Beaumont,242,181,15716.2,20414.8,2007.2,2008.6,2007.6,2006.9,1160.4,2387.5,2225.2,1956.4,156.5,252.9,404.3,380.7,60.0,71.8,65.3,67.6,2032.6,155861.0,158853.5,8900047.5,33124392.7,39992651.7,36777.1,170935.7,212458.9
Hueneme,231,96,31811.0,20465.3,2006.9,2005.7,2006.0,2006.2,2118.9,4830.0,3944.6,3405.5,127.0,338.8,384.7,370.3,25.0,22.3,21.0,24.6,3227.7,248937.8,253717.4,17801452.4,65420378.1,74477853.0,77062.6,272976.1,306820.8
Newport News,229,187,35389.5,66000.4,2011.1,2011.1,2011.7,2011.7,3554.0,3472.6,3617.9,3632.8,426.0,450.6,497.9,498.7,47.0,56.6,56.3,56.3,2335.5,179536.9,182984.0,14365517.7,39744867.9,46018458.9,62731.5,267137.2,325608.2
Longview,225,175,28993.9,51141.3,2010.2,2009.9,2010.2,2010.0,4705.8,4291.3,4249.4,4283.9,455.0,494.3,563.5,569.7,73.0,104.0,99.8,96.8,2376.4,183051.6,186566.2,14550177.5,38967452.1,50018440.4,64667.5,278195.7,344548.0
Violet,224,203,17536.4,30092.8,2009.3,2009.9,2010.5,2010.6,1540.6,2743.0,2843.0,3030.3,164.5,266.3,438.9,451.5,40.5,64.8,82.8,83.7,1709.2,131308.0,133829.1,9607086.2,27634712.7,33883470.6,42888.8,180671.5,223179.0
Portland Me,221,62,3890.4,5424.9,2007.6,2009.1,2010.3,2010.7,379.9,1560.4,982.0,1157.2,26.0,138.7,194.1,214.0,24.0,36.6,38.4,42.4,688.4,52139.8,53140.9,2465250.7,9003915.3,10951615.8,11155.0,50714.1,61994.4
Elizabethport,219,101,42992.9,48721.3,2007.1,2006.6,2007.0,2007.0,3346.3,3638.8,3897.1,3811.2,225.0,251.5,338.7,341.5,19.0,33.4,37.0,37.5,5296.8,408725.3,416572.8,32020792.4,88736446.8,100218614.9,146213.7,463071.8,539582.0
Honolulu,214,132,18282.5,17197.2,2005.4,2004.4,2006.6,2007.5,3731.0,4439.1,3873.3,4581.2,318.0,444.2,407.5,548.7,25.5,85.1,34.8,44.0,2650.0,203649.2,207559.2,14278650.7,46114623.3,53456612.4,66722.7,232621.7,272901.8
Detroit,212,101,780.9,1153.3,1995.2,1993.9,1998.0,1997.2,230.7,243.4,250.8,250.6,25.0,30.6,32.9,33.1,19.0,54.2,36.9,38.6,154.4,11559.8,11781.7,591076.0,1537342.0,2221037.8,2788.1,11231.9,14402.6
Sabine Pass,209,108,135424.7,112395.9,2013.8,2012.6,2014.6,2014.4,4964.9,5689.3,6107.3,5980.8,391.0,451.5,643.7,640.2,28.0,36.0,46.4,47.3,12758.9,785319.8,800398.0,26970804.9,192969438.0,161427489.7,129046.9,1119069.0,1731856.8
Ketchikan,209,30,4997.4,827.3,1989.1,1997.8,2002.3,2004.7,544.0,1030.3,573.6,774.8,39.0,74.2,53.5,162.7,7.0,91.2,12.1,46.2,1107.6,83197.5,84794.9,2569854.7,10712491.5,11939951.8,12296.0,47091.6,49371.9
Port Manatee,202,85,11511.0,17380.4,2002.5,2007.9,2005.7,2006.5,1224.4,3499.6,3055.8,3297.9,82.5,323.1,376.4,398.2,43.5,100.4,111.3,116.0,1788.0,137396.3,140034.3,9009886.7,23900645.5,33432484.4,44603.4,160886.2,205720.9
Pascagoula,201,142,21731.5,38246.5,2010.0,2009.3,2010.0,2010.0,1930.1,2631.9,2893.6,2934.4,191.0,275.0,409.1,415.3,73.0,97.4,104.7,105.7,2286.8,175513.6,178883.5,18057361.9,45899092.1,53463443.2,89837.6,282159.0,350254.3
San Francisco,200,118,19918.0,25670.8,2003.9,2009.1,2006.7,2007.7,1430.3,3662.4,2083.4,2760.3,118.0,343.7,422.5,515.3,20.0,64.8,77.0,96.7,2673.4,204309.2,208232.0,12399926.2,35297637.7,43451284.3,61999.6,223845.5,273985.1
Vancouver,198,170,22875.0,33788.8,2008.9,2009.5,2010.6,2010.7,4414.1,3396.8,3230.5,3815.6,370.0,354.4,473.6,518.4,47.5,76.5,77.6,84.6,1787.7,137712.7,140356.8,10641045.4,31959330.8,38586749.5,53742.7,225668.0,271269.1
Astoria,194,172,25058.4,44296.6,2009.6,2010.6,2011.5,2011.5,4628.5,4311.5,4168.2,4594.9,390.0,393.7,444.7,447.8,57.0,100.0,115.5,118.2,1918.3,147878.2,150717.5,13360783.0,33788695.9,41776745.5,68870.0,274310.2,333811.6
Waggaman,191,160,20573.3,33726.7,2009.2,2009.4,2010.1,2010.3,1939.4,4070.8,3369.2,3767.5,188.0,369.3,584.2,612.7,43.0,74.5,81.5,85.3,2248.7,173123.8,176447.7,13406057.2,38786663.2,47276890.0,70188.8,280361.4,340488.7
Carteret,190,169,18847.1,31508.5,2009.6,2009.8,2010.0,2010.0,3431.9,3403.4,3445.4,3457.5,319.5,334.2,407.2,407.9,34.0,42.5,41.7,41.7,2405.6,184528.4,188071.4,9630258.3,46376398.5,54061323.1,50685.6,295054.4,361421.0
Cleveland,189,81,357.9,555.4,1987.6,1996.0,1993.9,1993.4,157.1,199.9,197.4,201.9,22.0,24.6,33.4,37.6,26.0,43.2,43.8,45.2,84.8,6369.7,6492.0,344024.7,885371.9,1252117.6,1820.2,7000.8,9010.2
Charleston Heights,188,100,31126.6,36438.3,2005.2,2006.6,2004.7,2005.3,4053.7,3652.9,4033.4,3940.0,237.5,315.1,287.2,293.8,16.0,110.6,51.8,66.6,4654.0,357905.5,364777.3,25267307.2,66059151.9,75333944.4,134400.6,406152.3,471889.1
Brooklyn,176,101,19076.1,19887.5,2007.8,2009.0,2008.3,2010.3,2773.1,2778.9,2629.5,2952.7,186.5,251.4,268.7,345.1,11.5,33.6,27.1,39.1,3096.5,237344.3,241901.3,10788207.6,41024731.5,50196112.7,61296.6,256775.0,321541.1
Marcus Hook,172,133,33625.9,53691.8,2010.5,2010.0,2010.6,2010.1,3766.5,4216.4,4514.0,4492.9,335.0,452.8,627.1,641.9,36.0,62.7,65.0,64.8,3527.4,265044.8,270133.6,20436772.9,56911273.4,59921979.1,118818.4,459164.8,605954.2
Coronado,166,79,9622.7,6870.7,2007.4,2005.9,2008.4,2011.4,2004.8,2660.4,1437.0,2323.9,110.5,235.2,214.8,282.4,27.0,42.3,42.5,64.5,1945.6,150059.0,152940.1,7182975.6,26318684.2,30609863.4,43270.9,171265.0,200529.8
Good Hope,165,157,22121.5,39878.7,2008.4,2008.6,2008.5,2008.5,2007.2,2958.9,3265.1,3291.1,311.0,374.9,589.9,594.4,36.0,55.2,59.6,59.9,2710.3,207519.5,211503.9,19745438.4,41155289.7,49224135.5,119669.3,334255.2,413254.8
Oakland,161,63,16905.4,20526.5,2006.9,2007.2,2008.2,2008.4,878.1,2413.1,1998.5,2011.4,85.0,177.1,263.0,265.6,13.0,40.6,27.1,29.6,2022.9,155205.5,158185.4,15199894.4,40395916.3,45626965.5,94409.3,281262.8,325498.3
Destrehan,160,147,17176.1,30120.4,2010.1,2010.4,2011.6,2011.6,2272.8,3416.1,3677.3,3765.2,346.5,394.8,565.1,570.5,47.5,73.4,93.6,93.7,1618.9,124350.4,126738.0,9684400.2,25264850.5,31029936.7,60527.5,237876.8,291722.2
Duluth Superior,159,41,1641.7,3199.8,1979.9,1984.0,1979.6,1979.1,347.6,395.9,381.1,380.0,32.0,39.7,40.2,39.8,12.0,23.0,16.2,15.7,204.6,15367.1,15662.1,875803.4,2383590.5,2988739.2,5508.2,23470.3,29066.1
Brunswick,155,133,42443.8,16241.7,2007.7,2008.1,2007.9,2007.6,3913.0,4880.7,5088.1,5013.1,247.0,330.0,521.6,547.8,17.0,44.6,40.1,132.8,2672.2,206333.8,210295.4,14958038.4,64843870.4,75566946.5,96503.5,370815.9,403822.4
Toledo,150,68,557.6,846.3,1984.6,1992.8,1991.3,1991.5,217.1,237.3,239.2,238.4,24.0,26.7,31.5,31.2,26.5,144.7,67.1,78.2,133.3,10008.2,10200.3,402962.1,1002442.0,1428552.1,2686.4,10646.8,13450.3
Anacortes,149,62,8659.5,14989.3,2005.0,2007.8,2013.4,2013.5,97.3,3279.1,3636.9,3888.8,34.0,324.3,642.1,659.7,48.0,164.3,169.1,174.0,960.9,73866.9,75285.1,6045362.4,16685191.0,18861631.2,40572.9,142586.8,178247.4
Prescott,145,129,25762.4,47309.4,2010.6,2010.8,2010.6,2010.5,4820.8,4744.1,4850.9,4862.5,491.0,513.5,552.5,554.9,67.0,110.9,109.4,109.3,1912.8,147497.4,150329.3,11162851.4,31905213.3,37711411.6,76985.2,340704.3,415866.8
Romeville,144,135,25543.6,46328.1,2010.6,2010.6,2010.8,2010.8,4580.4,4102.5,4563.1,4639.7,410.0,415.5,592.8,596.8,59.0,94.6,112.8,113.7,1971.2,151720.9,154633.9,11792277.2,31862178.2,36761406.4,81890.8,327521.7,399847.9
Panama City,144,32,1289.0,1755.8,2001.1,2006.4,2003.0,2004.3,745.6,1828.5,1320.8,1278.6,52.5,170.5,165.7,162.3,35.0,81.6,77.6,83.4,259.3,19760.4,20139.8,1929769.2,5340316.4,7503882.3,13401.2,48270.7,64464.2
Rivergate,136,112,15991.0,22308.0,2007.1,2010.2,2010.2,2011.7,4457.0,3752.7,3401.8,4190.6,363.5,377.6,512.4,562.2,69.0,91.8,98.1,112.7,1224.2,94297.6,96108.1,7829054.8,22248495.6,27635212.1,57566.6,232047.4,279802.6
Bellingham,133,45,6485.9,10681.1,1981.5,1997.2,2011.3,2011.4,87.9,3003.7,5011.4,5189.7,22.0,308.4,623.4,657.6,7.0,111.5,99.1,98.1,644.7,49664.4,50618.0,4685083.0,12875488.6,13529421.1,35226.2,116452.9,153051.9
Linnton,133,86,22395.9,24355.4,2008.2,2009.7,2008.0,2011.3,4718.1,4569.1,4684.6,4786.6,423.0,457.1,446.2,529.3,46.0,65.6,54.1,68.5,1665.3,128406.9,130872.3,11021570.7,37138202.9,47291505.3,82869.0,362817.8,445064.2
Stockton,129,108,17786.3,30776.2,2010.9,2010.8,2010.7,2010.6,5182.3,5122.4,5006.2,5073.0,483.0,503.2,560.9,563.4,71.0,88.7,91.2,90.9,1668.8,128628.6,131098.3,9235223.5,28131076.7,35403389.3,71590.9,328136.8,408083.0
Alabama Pt.,129,104,18646.5,30096.9,2006.8,2007.6,2009.4,2010.4,2259.1,3530.8,3978.2,3921.2,218.0,306.5,564.7,529.0,50.0,98.1,121.8,136.8,1425.5,109336.4,111435.7,10089337.7,24902019.8,30004907.0,78211.9,271082.0,325782.2
Brownsville,128,116,15495.6,26023.1,2010.6,2010.8,2012.5,2012.6,3536.6,4144.6,4117.4,4104.1,411.5,386.1,557.3,550.9,65.0,75.2,79.6,81.0,1563.2,120670.2,122987.1,8355322.8,22880382.5,28857085.8,65276.0,276735.8,342989.4
River Ridge,127,124,11632.7,20500.2,2009.1,2009.5,2010.1,2010.1,1872.7,2775.6,3183.0,3275.1,242.0,308.0,511.9,521.2,63.0,96.3,130.8,133.0,1146.4,88036.0,89726.3,7145872.7,18915094.6,22754347.5,56266.7,211603.2,258895.0
Port Angeles,122,107,16920.0,27370.0,2005.1,2006.1,2011.0,2010.8,4279.8,3763.4,4548.7,4662.4,367.5,356.7,643.1,663.2,17.5,76.8,138.5,150.0,1526.4,117546.4,119803.3,10285031.6,28373383.9,32145052.4,84303.5,314493.5,394363.9
Chester,120,33,6985.8,9299.0,2005.5,2002.3,2007.4,2007.4,1768.6,2425.9,2643.5,2660.5,152.0,201.8,215.8,217.7,29.0,37.1,31.7,31.8,1209.8,92954.7,94739.4,7693765.0,26843443.0,29789697.6,64114.7,233098.4,276303.2
Hampton Roads Pt,117,104,11207.0,16597.4,2011.0,2011.0,2012.0,2011.8,1998.0,2969.5,3555.7,3304.8,253.0,339.9,505.9,470.1,28.0,56.3,43.0,43.5,995.3,74005.1,75426.0,5503207.3,17463502.7,20844135.5,47036.0,211138.5,267386.2
Venice,117,114,13969.9,24114.2,2008.7,2008.7,2009.0,2009.0,2348.9,3634.2,3836.3,4012.4,269.0,357.5,598.9,611.2,14.0,25.6,29.1,28.5,1372.6,105686.0,107715.2,8988430.4,22584065.8,27495905.4,76824.2,279273.8,342936.6
Dutch Harbor,113,47,4253.6,5377.6,1997.7,2000.0,2001.5,2002.0,2991.9,3028.9,3158.7,3190.2,209.0,232.2,283.4,287.8,67.0,174.7,120.7,120.2,1431.2,109318.0,111416.9,8042357.4,20898643.9,23543622.6,71171.3,188899.3,213356.4
Loop Terminal,112,105,81029.2,154752.1,2010.2,2010.4,2012.4,2012.4,4054.7,5676.8,8193.6,8406.5,379.5,503.9,941.1,945.1,51.0,105.3,103.7,102.9,5058.1,390201.8,397693.7,41196782.2,73449733.7,79209999.2,367828.4,1009992.5,1261571.4
Bethany Beach,111,99,12309.6,20239.4,2008.9,2009.2,2010.0,2009.9,3174.4,3432.2,3134.6,3155.8,248.0,310.0,435.4,444.7,21.0,32.2,30.4,30.9,1281.7,98462.0,100352.4,9811033.2,24933095.6,29114715.0,88387.7,297225.6,360419.3
Ingleside,111,38,3418.6,4846.7,2005.1,2006.6,2007.9,2008.5,942.8,2831.2,2190.5,2335.4,111.0,278.6,468.5,470.9,29.0,97.4,154.8,148.0,586.6,44733.7,45592.6,1831389.9,6083833.2,7435597.4,16499.0,84607.8,110698.0
San Diego,110,85,40198.4,62435.5,2007.9,2008.3,2010.6,2011.5,1424.6,3979.9,5168.7,8461.7,114.0,323.5,759.9,887.7,9.5,15.8,10.2,8.5,2392.2,184969.8,188521.2,17856364.5,38783154.5,42215357.5,162330.6,468330.3,566995.6
Hoboken,106,13,12496.1,1122.2,2010.2,2005.2,2011.7,2010.8,962.8,1235.9,976.1,1008.1,59.5,72.2,63.4,65.7,9.0,24.8,11.3,11.4,2401.2,183502.6,187025.9,2912094.2,17991018.5,20771716.4,27472.6,150295.2,165524.8
Avalon,103,6,7058.0,8255.2,1996.1,2006.3,2008.0,2014.5,266.3,5267.4,943.4,5576.0,38.0,409.7,571.0,873.8,8.0,12.7,19.1,23.0,1077.4,82160.5,83738.0,3595161.0,9126782.9,9313274.8,34904.5,104505.4,114310.4
Gulfport,102,17,1443.5,1604.8,1999.0,2004.6,1998.2,2000.7,938.2,956.4,989.9,994.4,57.0,68.6,61.0,63.4,16.0,37.2,27.1,31.8,379.6,29046.3,29604.0,2832536.3,7195263.2,8151101.0,27770.0,73277.9,82906.7
Davisville,102,33,13944.7,4410.0,2010.4,2010.0,2010.7,2010.3,2510.9,2667.3,2430.0,2442.9,199.0,193.6,243.4,244.1,9.0,16.2,9.1,10.4,775.2,59476.2,60618.1,4396592.2,19332046.1,22439575.3,43103.8,164682.8,178008.2
Port Aransas,101,95,15939.0,26901.7,2009.3,2009.8,2012.9,2012.9,1791.6,3317.2,4244.3,4162.4,219.0,328.2,748.7,753.3,85.0,123.7,145.5,141.8,1405.6,106385.4,108428.0,9820598.9,24643896.6,27519568.8,97233.7,334119.9,429727.2
Howland Hook,98,52,8615.1,15182.6,2007.2,2008.2,2007.8,2007.7,1044.7,2135.7,1522.7,1482.5,138.0,221.4,255.9,254.6,37.0,42.0,44.1,44.2,1061.4,80471.1,82016.2,8073370.3,17263592.7,19764492.6,82381.3,216116.7,267558.1
Point Comfort,96,68,4442.4,5838.0,2009.1,2009.0,2011.3,2011.2,2197.1,3102.9,2779.4,2665.0,180.0,278.5,398.6,390.8,43.0,75.4,78.4,76.0,813.4,62282.3,63478.1,3209508.5,11271981.0,13317525.2,33432.4,179524.2,233912.6
Paulsboro,91,85,23670.8,44310.5,2008.0,2008.4,2009.1,2009.1,4350.0,4609.8,4776.3,4785.8,495.0,530.4,649.2,649.8,35.0,62.0,54.2,53.6,2211.7,169951.7,173214.8,16050119.8,34450485.7,39133991.8,176374.9,521517.8,630922.0
Perth Amboy,90,77,8211.6,13727.2,2010.6,2010.8,2011.0,2011.0,3246.3,3201.2,3203.2,3219.5,316.0,321.4,398.0,401.3,38.0,46.2,52.8,53.3,1057.3,81006.4,82561.8,5217942.2,20823299.3,24226067.5,57977.1,283779.9,346554.6
Deer Park,90,83,5827.2,9070.8,2008.8,2008.9,2009.7,2009.8,1222.4,2947.3,3067.9,3422.3,122.5,270.9,650.7,679.1,59.5,82.3,111.9,115.6,667.4,51293.7,52278.6,4203551.7,10639515.8,14045823.1,46706.1,180374.2,222298.2
Coos Bay,89,35,7338.3,9295.7,1989.0,1998.9,2009.0,2009.0,527.1,3758.4,4957.2,4978.5,101.0,337.5,493.8,496.1,54.0,107.2,131.4,137.7,530.0,40899.9,41685.1,4095971.6,8761007.3,11245411.4,46022.2,157400.4,188266.9
Sandusky,87,23,325.3,473.0,1979.9,1986.1,1981.9,1982.2,196.9,227.3,194.0,192.4,22.0,38.4,28.6,25.0,21.0,24.3,28.1,27.4,50.4,3782.8,3855.5,302449.1,690203.6,948738.9,3476.4,11911.0,15026.0
Welcome,84,77,9259.5,16181.9,2010.5,2010.9,2010.4,2010.3,2596.1,3554.1,3845.5,3910.9,311.0,397.1,624.9,635.6,61.5,91.6,94.0,94.2,943.5,72466.6,73857.9,3902279.9,14055335.6,16490998.5,46455.7,238769.3,294792.0
Benicia,77,69,16958.0,12089.9,2006.8,2006.8,2006.8,2007.4,4763.9,4524.6,4597.2,4617.6,344.0,400.8,454.4,618.7,21.0,66.5,41.2,70.4,1373.1,105681.9,107711.0,8370405.5,25806734.6,31179728.1,108706.6,353471.8,407445.6
Marquette,76,14,127.9,241.4,1959.5,1973.5,1956.2,1955.6,137.0,173.0,141.2,140.4,13.0,26.6,18.4,17.6,8.5,10.7,12.9,13.0,29.9,2248.6,2291.7,141029.5,368535.4,544263.8,1855.7,7439.6,9634.0
Port Richmond,76,47,4151.3,6542.1,2002.5,2003.8,2007.9,2008.1,1971.0,3512.1,4087.2,4155.8,200.5,320.7,452.9,463.8,31.5,44.4,64.0,66.2,593.9,45484.5,46357.8,3813123.3,11416521.1,15208006.2,50172.7,207813.1,268453.5
Providence,76,45,4943.9,6486.2,2011.1,2011.4,2012.2,2012.5,1122.9,2896.2,2628.7,2387.9,142.5,289.6,370.2,382.8,38.5,65.2,70.8,76.5,537.6,41193.9,41984.8,2249461.7,7867614.4,9684480.8,29598.2,138582.4,168694.5
Martinez,72,56,9686.0,17284.2,2008.2,2008.4,2009.0,2009.0,3366.7,3292.6,3715.3,3755.7,336.5,395.3,556.0,561.4,58.0,152.7,125.8,128.5,1542.7,117727.7,119988.1,10089632.9,20654311.2,25334585.2,140133.8,381600.5,473404.2
Sabine,71,68,30664.9,27657.9,2011.7,2011.5,2013.8,2013.4,3170.6,4645.9,6082.9,5220.8,268.0,380.7,689.0,660.2,43.0,95.6,107.4,120.8,2898.7,182921.5,186433.6,7342970.7,44709354.4,39086184.7,103422.1,766432.0,1156669.2
New Haven,69,60,4578.0,7526.9,2010.1,2010.7,2011.1,2011.1,3084.4,2764.9,2729.0,2737.9,257.0,249.8,309.5,309.8,52.0,78.5,85.1,86.1,586.4,44880.7,45742.4,2956848.5,10021523.4,11972564.6,42852.9,192479.5,233383.4
Juneau,68,19,4170.0,1560.2,2003.5,2004.1,2006.5,2010.7,799.7,2327.8,957.8,2235.9,47.0,208.6,120.2,335.4,8.0,32.1,19.0,52.9,1045.0,78681.6,80192.3,2860692.6,9302041.6,9628139.2,42069.0,137396.5,137841.8
Mount Desert,64,3,4.0,3.0,1996.9,1998.7,2000.2,1999.5,112.2,116.8,176.3,198.6,15.0,14.3,234.5,358.8,11.0,11.8,11.8,11.9,8.4,629.5,641.5,21387.4,47441.5,53936.1,334.2,786.5,932.3
Empire,63,61,7379.6,12519.3,2007.7,2008.0,2008.6,2008.9,1696.8,3350.9,3321.9,3582.9,181.0,302.3,594.0,608.5,11.0,31.5,74.4,74.8,783.2,60250.4,61407.2,4370294.1,12562645.7,14872150.7,69369.7,270537.5,332061.8
Portsmouth,62,46,2802.3,4241.3,2009.1,2008.2,2012.0,2011.8,1392.8,2207.9,2171.1,2157.1,145.0,214.2,307.7,311.5,30.0,103.4,102.7,111.1,348.0,25889.0,26386.1,1950960.1,5268604.0,6161475.1,31467.1,128967.3,160694.1
Atreco,59,54,3908.8,6443.2,2008.6,2008.7,2009.8,2009.7,865.0,1637.7,1655.4,1568.5,167.0,230.5,423.4,404.0,45.0,70.8,96.6,99.2,590.2,45122.9,45989.3,2727858.7,7591167.9,8305588.7,46234.9,160585.0,206973.0
Lewes,59,59,8162.0,14045.1,2009.1,2009.1,2009.6,2009.4,3698.8,3549.0,3616.6,3701.6,314.0,316.7,394.2,403.6,8.0,33.1,58.1,62.5,792.4,61046.2,62218.3,6366911.2,14662652.0,17175238.9,107913.7,331222.1,401379.8
El Segundo,57,41,16127.4,30592.4,2012.1,2011.3,2012.2,2012.2,2776.7,3990.3,4293.8,4339.2,338.0,461.4,708.9,714.3,53.0,66.2,81.0,81.8,1903.4,145893.3,148694.5,13143912.7,24316954.4,28256766.6,230595.0,585321.9,715743.8
Delaware City,57,24,4585.6,8419.3,2004.2,2008.2,2009.4,2009.5,745.9,3035.9,3080.2,3149.4,65.0,383.0,526.9,534.6,15.0,33.9,33.0,33.1,497.7,38027.3,38757.5,4129210.1,8940732.5,9955199.1,72442.3,191336.3,234217.7
Sea Venture Custom,57,21,982.8,110.2,2000.9,2002.1,2000.9,2000.6,270.7,245.8,276.7,283.2,17.0,20.1,23.0,23.7,9.0,8.5,8.4,8.2,225.7,16966.5,17292.3,459017.6,2277697.3,2630308.6,8052.9,34727.1,36739.5
Oswego,57,12,45.9,67.0,1988.5,1986.0,1997.6,1999.7,93.5,243.2,108.6,107.3,11.0,62.9,28.3,25.9,19.0,20.3,22.1,22.1,13.9,1041.6,1061.6,66757.0,171709.0,239422.2,1171.2,4153.9,5466.0
New Orleans,55,55,5006.5,8858.5,2009.5,2009.5,2010.5,2010.5,2324.6,2881.5,3074.7,3156.4,252.0,281.7,440.4,449.6,22.0,85.2,163.9,169.1,497.5,38272.3,39007.1,2746667.0,8454901.2,10028108.1,49939.4,215529.0,261782.7
"Webster, Harris",54,29,2827.4,4048.9,2005.8,2007.2,2005.4,2005.2,697.1,2261.3,3021.9,2819.1,84.5,208.5,473.8,462.5,23.5,28.3,26.9,28.7,400.5,30811.0,31402.6,2482615.2,6924982.7,7967185.3,45974.4,147637.7,176342.3
Taconite Harbor,54,20,434.1,835.4,1976.2,1973.5,1976.1,1976.0,308.4,342.3,338.7,336.5,29.0,38.4,33.0,32.6,16.0,19.7,19.7,19.3,65.7,4939.4,5034.2,254195.8,684778.4,873767.2,4707.3,19489.0,24314.3
Drummond Island,54,42,239.1,368.8,1988.4,1992.6,1994.9,1995.0,214.4,269.5,276.6,275.8,21.5,28.1,38.3,38.0,7.5,8.9,8.8,8.8,30.9,2321.4,2366.0,158470.1,401908.3,586050.7,2934.6,12296.3,15534.9
Tottenville (Staten),51,43,3435.4,5623.9,2009.6,2009.6,2009.3,2009.2,3285.9,3031.5,3145.3,3172.6,305.0,295.8,358.8,361.5,28.0,32.8,34.6,35.2,530.8,40635.1,41415.3,2653360.4,9418087.1,11069696.7,52026.7,224868.0,273307.0
Port Ingleside,51,48,9012.5,16671.3,2009.1,2009.6,2012.4,2012.5,2345.7,3171.9,3593.6,3620.2,268.0,366.2,630.5,636.1,63.0,129.8,149.2,148.8,867.7,66346.2,67620.1,6240958.0,13495922.7,15317704.8,122371.7,356666.9,439760.1
Morehead City,51,42,5916.7,8342.6,2007.3,2007.4,2007.0,2007.0,4605.3,5071.6,6201.8,5990.1,375.0,431.7,673.3,654.6,79.0,104.8,105.0,106.7,839.6,64659.6,65901.0,3381341.1,11114842.1,15682563.8,66300.8,344044.0,454193.8
Big Stone,46,43,10202.9,18872.2,2008.9,2009.0,2010.3,2010.3,3553.7,3647.2,3845.7,3858.0,351.5,376.8,550.5,552.8,113.5,136.3,150.1,151.1,997.4,76350.3,77816.2,8494027.4,17703632.9,19798329.4,184652.8,478164.9,591320.3
Portland,46,43,7899.9,13674.4,2009.0,2008.9,2011.7,2011.9,4813.1,4231.2,4584.8,4827.7,441.5,451.5,569.9,575.8,97.5,214.5,156.3,139.8,733.7,56444.2,57527.9,5028499.7,11864920.2,14154567.7,109315.2,355202.4,423316.2
Ogdensburg,45,32,55.1,80.2,1996.3,1999.7,2004.3,2004.7,138.5,153.6,143.2,142.8,20.0,83.2,26.4,22.9,13.0,24.8,17.9,15.4,19.1,1437.9,1465.5,56281.4,157539.4,214326.5,1250.7,4854.0,6113.2
Pilottown,45,45,3348.1,5759.9,2009.4,2009.4,2010.8,2011.0,1556.4,2418.1,2678.8,2799.8,149.0,236.2,461.6,474.2,22.0,34.6,62.9,64.8,324.2,24918.8,25397.2,1707306.6,5426824.1,6365380.8,37940.1,168605.6,206981.6
Searsport,43,25,1943.8,3126.2,2010.7,2011.5,2013.7,2013.7,1323.7,2144.3,1966.0,1984.0,170.0,206.7,297.6,301.9,40.0,86.6,100.1,102.6,212.6,16278.7,16591.2,1065251.1,3110814.5,4077912.5,24773.3,110798.1,137978.4
Port Allen,43,38,5283.4,9503.8,2009.5,2009.3,2007.3,2007.2,1684.3,3013.4,3790.2,3932.7,203.0,345.1,583.6,590.8,55.0,65.4,77.1,77.5,603.3,46302.4,47191.4,5337464.3,11310122.1,13273459.2,124127.1,332431.4,414137.7
Fernandina Beach,42,18,628.1,752.2,2004.6,1995.8,1997.8,1998.1,1305.8,2879.7,2492.1,2392.1,95.5,230.6,263.2,254.0,56.5,56.7,58.3,57.2,221.7,16835.4,17158.7,1888166.3,4518047.3,5560059.1,44956.3,113845.3,137330.7
Barbers Point Terminal,42,38,16496.2,27735.9,2006.3,2005.9,2006.5,2007.0,6045.1,6092.4,6571.2,6153.4,544.0,531.8,512.0,558.0,48.0,113.3,286.1,167.8,1656.8,123381.5,125750.4,12645984.1,27662964.3,30130878.9,301094.9,814507.7,1031318.7
Key West,41,23,1384.3,235.5,2001.8,2002.7,2004.1,2007.6,579.9,665.8,579.3,733.3,38.0,57.7,45.8,110.1,8.0,12.0,8.4,5.1,309.5,23749.8,24205.8,741526.8,3087110.0,3292072.2,18086.0,67195.0,66903.6
Fourchon,40,30,247.2,300.5,1985.2,1988.8,2003.0,2005.7,1355.1,1946.2,1655.6,1662.2,195.0,339.2,288.1,253.6,83.5,184.4,147.5,102.0,103.1,7796.6,7946.3,752415.0,1856892.4,2453098.4,18810.4,55826.1,72441.2
Clayton,38,33,82.9,120.4,2004.9,2004.2,2006.1,2006.0,162.6,156.9,154.5,153.0,19.0,24.6,25.3,24.7,8.0,13.4,13.5,13.3,13.8,1028.8,1048.5,66271.0,179514.1,252838.2,1744.0,6949.4,8862.2
Barber'S Point,38,32,5481.6,9536.1,2007.9,2008.2,2008.9,2008.8,4663.0,7263.3,4596.2,4592.4,449.0,618.5,611.6,594.5,134.5,307.3,284.4,269.6,641.0,49276.6,50222.7,3832637.9,10013404.3,11815930.5,100858.9,395535.0,486865.5
Aberdeen,37,31,4093.4,6660.9,2012.1,2012.1,2012.9,2013.2,4620.5,3929.0,3325.4,4215.5,403.0,394.6,461.5,484.4,97.0,113.0,128.4,135.9,320.2,24658.0,25131.4,2287310.2,5835394.9,7285631.9,61819.2,241498.4,291038.6
North Beach,37,21,31615.2,23241.7,2013.9,2013.4,2014.5,2014.4,6628.4,7408.7,7620.2,7477.9,667.0,596.9,799.8,799.1,30.0,41.1,42.0,41.0,2692.3,165542.0,168720.4,5530653.0,40858259.4,34146507.7,149477.1,1330505.6,2060005.3
Treasure Island,36,28,5105.4,5905.3,2005.6,2007.8,2008.7,2010.3,1697.8,4058.7,2453.4,4426.3,169.0,355.9,402.9,532.1,10.5,80.9,73.5,98.4,773.4,59230.4,60367.6,2791853.7,8783184.4,10621887.2,77551.5,302813.4,364183.1
Selby,36,34,4671.4,7770.9,2011.1,2011.0,2011.3,2011.3,5131.4,4904.1,4632.5,4621.8,434.5,444.5,552.5,554.1,42.0,69.0,64.4,64.0,622.0,47882.3,48801.6,2704912.8,11135894.7,13045181.2,75136.5,375611.6,461231.2
Amelia,36,20,25.7,13.6,1984.4,1981.2,1982.9,1983.4,1489.9,1748.8,2086.7,1790.2,229.5,279.3,288.6,289.7,177.0,439.7,797.2,709.7,66.4,4985.8,5081.5,347677.9,822153.5,1100819.1,9657.7,24938.0,33670.5
Point San Pablo,33,28,3705.8,6389.2,2008.6,2008.4,2008.0,2007.9,2225.8,3531.5,3875.6,3940.6,324.0,419.6,651.7,659.0,51.0,47.4,50.5,50.6,553.0,42411.5,43225.8,3770856.3,8573420.1,10706819.1,114268.4,343183.4,426724.6
Jonesport,32,3,11.1,19.0,1993.5,1999.3,2003.9,2004.5,75.2,93.4,125.7,115.3,11.0,12.5,168.9,51.2,7.5,11.5,11.1,10.9,4.9,364.6,371.6,14450.5,29865.3,33825.5,451.6,1118.6,1338.2
Burns Harbor,31,26,437.9,702.6,1999.9,2000.0,2002.9,2002.9,797.4,740.7,708.1,701.8,65.0,73.1,73.5,72.5,75.0,84.0,82.4,82.2,61.1,4597.7,4685.9,315450.3,844132.6,1153016.1,10175.8,41698.8,52070.4
Groves,30,30,1152.6,1894.5,2009.0,2009.0,2008.5,2009.0,751.1,1592.2,1532.0,1526.3,133.0,182.1,310.1,309.2,47.5,76.6,63.8,58.1,134.5,10326.9,10525.2,867212.9,2052462.6,2559820.5,28907.1,102443.9,122132.6
Edgemere,30,30,2983.2,4983.5,2011.5,2011.5,2012.1,2012.2,3968.9,3787.1,3804.6,3816.8,384.5,379.3,415.4,414.0,136.0,148.9,159.5,161.4,294.0,22591.1,23024.8,1704365.2,4196995.5,5567858.7,56812.2,227674.8,279979.2
Everett,30,21,2238.2,3022.2,2007.9,2008.2,2006.8,2006.8,4299.0,3562.4,3810.3,3805.1,290.5,271.4,356.7,356.1,25.0,56.9,35.1,34.8,287.9,22180.9,22606.8,1633886.2,5569252.6,7203026.9,54462.9,250784.6,321854.7
Pittsburg,28,27,4506.1,8109.5,2010.3,2010.2,2009.9,2009.8,5141.5,4780.8,4836.9,4866.6,459.5,450.9,494.8,497.2,61.0,68.3,68.6,68.2,349.5,26984.2,27502.3,2450993.5,6102989.8,7507495.9,87535.5,347152.4,421901.0
Bay City,28,10,114.8,227.8,1978.0,1974.4,1980.6,1979.5,144.3,150.9,157.3,153.5,15.0,18.2,17.5,16.5,8.0,12.2,14.7,14.1,14.2,1065.6,1086.0,57915.6,165239.8,207190.3,2068.4,9216.6,11493.6
Riverside,28,27,2602.9,4243.3,2009.7,2009.7,2009.7,2009.7,3200.9,3123.0,3052.9,3141.4,285.5,279.5,299.3,305.3,43.0,45.3,45.2,45.4,324.4,24906.2,25384.4,1303092.6,6562010.8,7531321.0,46539.0,279368.7,339004.4
New London,27,26,2520.2,4178.4,2012.1,2012.0,2012.5,2012.5,3603.5,3686.7,3688.8,3686.0,336.0,371.5,383.1,384.7,57.0,77.6,78.8,78.6,227.9,17501.7,17837.7,1498582.5,3790520.6,5060529.6,55503.1,227583.2,282903.4
Ashtabula,27,20,65.3,101.5,1993.9,2000.8,1996.8,1996.8,127.1,179.9,156.2,154.0,14.0,26.6,41.9,41.7,53.0,54.2,48.7,49.4,11.3,846.2,862.4,67658.4,164852.9,223386.1,2505.9,9266.1,11696.2
Hoonah,27,6,1548.9,166.1,1999.0,2001.8,2002.2,2002.0,789.8,703.2,799.8,798.0,46.0,50.7,47.0,47.4,7.0,7.6,7.3,6.9,397.1,29818.6,30391.1,970566.3,3508658.1,3446336.3,35946.9,115781.6,106985.0
Port Eads,26,25,2219.2,3582.5,2008.0,2007.9,2008.9,2008.9,2055.5,2754.2,2694.2,3025.6,196.0,288.1,414.2,437.5,9.0,62.1,59.6,67.0,268.4,20610.5,21006.3,1265948.2,4088245.5,4768147.2,48690.3,201023.2,246816.9
Seal Beach,26,26,10218.7,15000.6,2010.0,2010.0,2013.1,2013.8,3210.8,4097.3,5792.3,5891.7,326.5,350.7,553.1,612.5,22.0,47.1,58.2,67.3,843.1,65114.8,66365.0,5259392.9,11426117.3,13351128.8,202284.3,631972.9,773821.8
De Tour Village,26,21,134.1,209.7,1994.9,1995.0,1991.0,1991.1,279.4,324.3,364.5,369.9,27.0,31.1,40.5,40.7,12.0,19.9,24.1,25.1,20.4,1531.0,1560.4,105108.6,260287.8,365707.9,4042.6,15667.8,19651.3
Ocean Beach,26,25,23859.6,45681.8,2007.1,2006.9,2009.6,2009.7,6372.9,6191.7,8599.5,9139.8,585.5,525.5,859.4,866.9,6.0,16.1,24.7,24.7,1513.0,117155.6,119405.0,11521594.2,20270481.5,21380383.4,443138.2,1209691.3,1507857.2
Cape Henry,26,26,4851.7,6774.2,2009.0,2009.0,2009.8,2010.2,3415.8,3432.6,3605.0,3930.4,289.5,313.1,426.1,484.5,7.0,71.0,138.6,91.7,380.0,27802.7,28336.5,1874988.9,5767925.7,6168831.1,72115.0,302825.8,382804.7
Alpena,26,11,29.7,40.5,1974.4,1984.3,1987.9,1993.5,128.4,200.7,161.0,167.2,13.0,24.5,23.2,24.4,4.0,12.2,14.7,16.3,8.2,618.2,630.1,51006.4,120763.0,163452.1,1961.8,6025.4,7816.5
Chinook,26,26,3446.1,5060.9,2011.7,2011.7,2011.5,2012.3,4363.9,4350.2,4252.2,4524.9,376.5,363.9,395.1,414.4,1.5,5.9,4.8,4.5,301.0,23261.9,23708.5,1528367.4,5708644.9,7158848.0,58783.4,300704.5,371803.2
Woodmere,25,25,3143.9,4663.8,2008.5,2008.5,2008.3,2008.9,3208.9,2954.3,2913.7,2834.9,283.0,259.4,313.9,315.6,10.0,22.3,35.0,30.1,324.0,24949.7,25428.7,2316608.7,5956440.5,6998743.9,92664.3,305382.6,363998.0
Mackinac Island,25,14,43.0,57.2,1997.2,1987.9,2000.2,1997.5,140.9,231.0,190.3,220.0,19.0,27.5,30.1,31.5,11.0,20.0,22.9,25.2,10.6,793.9,809.1,33967.3,94483.9,146907.2,1358.7,5652.8,7580.5
Green Bay,24,13,89.4,129.0,1995.2,1998.4,2001.8,2001.3,392.2,482.7,445.0,446.3,48.5,46.8,45.2,45.3,42.0,44.3,39.3,38.9,30.9,2320.1,2364.7,134891.7,374724.5,487940.5,5620.5,19087.3,24101.6
South Chicago,24,21,205.6,328.0,1997.0,1997.3,1999.7,2000.1,796.9,736.5,714.8,722.8,71.0,72.9,75.0,74.7,62.5,68.2,77.6,81.4,40.5,3043.6,3102.1,194282.9,520838.3,725351.4,8095.1,33090.1,41859.8
Cheboygan,23,9,12.0,14.3,1983.5,1983.3,1994.2,1992.5,209.4,249.8,278.8,255.4,28.0,55.2,114.1,95.8,16.0,109.7,211.9,165.2,19.4,1456.9,1484.9,87436.4,200059.5,252615.8,3801.6,9654.9,12326.5
Oregon,23,18,124.3,189.0,1999.0,1997.0,1997.5,1997.8,243.0,266.2,255.9,254.0,32.0,33.0,35.1,34.7,53.0,67.4,64.4,66.1,16.9,1265.9,1290.2,79829.4,198752.0,289676.1,3470.8,14432.5,18171.2
Presque Isle,23,13,57.2,92.1,1966.4,1971.3,1994.4,1992.2,154.8,201.9,235.4,221.9,16.0,21.0,29.4,27.8,15.0,17.3,17.7,17.5,10.7,806.3,821.8,49449.3,125031.8,182694.4,2150.0,8466.8,10862.2
Rainier,22,22,4366.3,8145.2,2010.8,2010.8,2011.2,2011.1,4933.5,4694.3,4783.7,4796.2,425.0,488.5,520.5,521.6,213.5,240.7,250.8,248.6,303.9,23406.6,23856.0,1667813.8,4880006.0,5577970.1,75809.7,345400.5,421985.3
Brusly,22,22,2125.2,3563.8,2010.5,2010.5,2010.4,2010.4,1585.8,3026.2,3295.9,3304.0,247.0,321.3,513.2,517.7,75.5,97.8,67.9,66.9,249.5,19159.9,19527.7,1753473.0,4064947.8,4830860.3,79703.3,258919.0,320537.7
Milwaukee,22,14,219.6,331.1,1998.8,1994.1,2004.4,2004.2,446.4,539.6,537.7,547.7,43.0,56.0,56.4,57.4,15.0,48.2,59.7,64.2,27.0,2023.5,2062.3,144618.3,363824.1,535098.9,6573.6,27380.7,34660.4
Cape Charles,21,21,4397.8,7423.8,2011.6,2011.6,2011.0,2011.9,3711.8,3629.3,3779.8,3909.6,343.0,329.1,365.0,370.7,123.0,174.8,155.9,160.4,292.2,21846.5,22266.0,1721232.2,4632631.5,5265104.2,81963.4,316937.9,392480.9
Quincy,21,20,1591.7,2668.5,2010.8,2010.8,2010.5,2010.5,2940.6,2583.1,2561.8,2554.3,269.0,255.5,292.9,293.7,30.0,38.5,32.5,32.5,192.1,14725.3,15008.0,939706.6,4200738.7,4810876.2,44747.9,241496.2,292165.9
Linden Hill,21,16,1278.3,2013.8,2006.7,2007.8,2009.3,2009.3,3430.9,3427.7,2702.0,2716.1,338.0,348.4,365.9,366.4,74.0,113.3,99.0,99.2,137.5,10546.8,10749.3,894970.1,2321079.5,3332088.2,42617.6,180466.9,229093.8
Fairhope,20,16,2431.4,2646.0,2005.8,2006.1,2003.5,2005.6,2341.3,3802.5,4398.6,4431.7,204.5,313.0,501.8,536.2,13.0,24.9,34.2,43.1,294.8,22609.8,23043.9,1297978.6,4132637.1,5072704.3,64898.9,256909.6,310379.7
Homer,20,18,2715.0,4572.1,2009.8,2010.2,2010.4,2010.5,4208.9,4717.5,4684.0,4677.8,339.5,382.9,424.8,425.0,25.0,33.6,33.5,34.3,349.7,27016.5,27535.2,1906200.9,7243692.7,8277675.9,95310.0,439865.4,531593.7
Camden,19,18,2451.6,3999.8,2009.7,2010.2,2011.7,2011.8,4206.9,5482.4,6241.1,6392.6,433.0,530.0,724.0,738.3,53.0,95.0,106.6,106.6,255.8,19723.5,20102.2,1612529.6,3698935.5,4720520.7,84870.0,308325.7,371678.6
Lorain,19,8,79.7,116.9,1979.4,1979.8,1982.5,1981.3,307.8,271.4,262.8,265.2,31.0,31.4,31.3,31.5,6.0,10.9,13.7,13.6,11.0,825.9,841.8,49570.3,134846.2,207149.1,2609.0,11911.3,15387.6
Sunny Point,19,16,1302.6,1307.6,1999.9,2000.4,1998.5,2000.6,3533.5,3285.0,3737.4,3440.1,283.0,301.1,352.2,345.3,33.0,70.4,54.7,70.8,178.9,13723.9,13987.4,1410139.1,4199622.1,5047045.2,74217.8,249760.3,298082.9
Fort Pierce,19,12,36.3,21.3,1980.2,1983.2,1991.2,1993.4,1042.6,1236.3,906.4,635.6,140.0,268.3,814.6,827.8,104.0,157.9,89.0,76.7,34.9,2630.9,2681.4,158912.6,355613.1,423387.3,8363.8,20350.9,24976.2
Afognak,18,8,778.6,844.5,1989.9,2001.4,2009.2,2011.9,1101.5,2191.0,2984.4,3175.0,162.5,197.6,291.1,349.4,35.0,58.3,94.9,133.7,123.7,9565.8,9749.5,508116.5,1486535.4,1867374.8,28228.7,106458.5,124358.2
Dana Point,18,17,25549.8,49300.0,2010.7,2010.5,2011.9,2011.9,11622.6,9127.2,10603.8,10895.8,910.0,759.7,924.7,934.1,14.0,19.3,18.5,18.7,1514.4,117234.7,119485.6,12026230.1,20825579.9,21798291.1,668123.9,1821909.8,2273839.7
Redwood City,18,15,1592.3,2584.4,2006.1,2007.5,2007.5,2007.4,2905.0,3737.0,2781.7,2754.1,228.0,346.1,374.6,371.1,66.0,70.8,74.2,74.0,148.3,11400.6,11619.5,923030.1,2377709.9,3201007.9,51279.5,214931.2,268985.9
Tatoosh Island,18,13,1714.1,1730.9,1985.1,1986.7,2006.6,2008.1,726.9,2814.3,5009.4,5686.5,190.0,300.5,465.0,543.0,6.0,9.7,6.1,4.5,120.7,9311.5,9490.3,877519.0,2773954.8,3326271.1,48751.1,176784.5,215369.4
Sacramento,18,18,1297.4,2057.4,2012.7,2012.7,2013.4,2013.4,1965.2,3261.1,3339.8,3348.6,201.0,325.0,462.1,462.7,115.0,116.4,128.9,129.4,127.5,9816.4,10004.9,871882.4,2144954.3,3023552.5,48437.9,196862.0,246686.4
Tybee Island,18,17,4950.3,5720.3,2009.8,2009.9,2008.8,2008.9,3015.9,4366.7,5064.7,4571.4,242.5,304.1,542.4,532.7,31.0,56.1,30.5,31.4,609.5,47089.0,47993.1,2863229.3,8283669.1,10008279.0,159068.3,570592.1,684445.4
Friday Harbor,18,6,2.8,0.5,1982.4,1980.8,1995.8,1996.6,110.0,196.2,180.7,184.8,12.0,45.2,44.0,46.7,21.0,70.8,19.1,22.4,10.6,798.7,814.1,13640.6,22018.5,29537.7,757.8,1444.3,2011.8
Berkeley,17,15,2421.4,2777.2,2012.9,2013.1,2012.6,2013.7,4851.4,5116.4,4732.4,5365.7,390.0,425.5,482.2,553.1,25.0,34.1,35.7,43.4,276.1,21292.1,21700.9,884998.4,5054025.0,5844607.2,52058.7,323476.3,385769.3
Buffalo,17,8,28.5,55.8,1990.4,1985.9,1986.2,1985.0,66.5,203.7,163.9,199.4,17.0,28.6,36.0,39.1,21.0,51.1,54.3,54.5,6.0,451.4,460.1,30277.4,66227.1,87073.8,1781.0,5991.7,7298.2
Olympia,16,15,1321.5,2103.7,2005.0,2005.0,2008.1,2008.3,4697.8,4457.7,4534.7,4516.7,401.0,407.4,451.1,450.5,139.5,140.3,151.6,153.6,123.2,9487.7,9669.8,921760.7,2498500.4,3811529.5,57610.0,258068.4,334023.4
Crockett,16,15,1431.0,2299.3,2010.1,2009.9,2009.4,2009.3,2995.9,4429.7,4230.4,4268.9,774.5,762.8,805.1,810.4,221.0,241.9,232.7,232.8,164.2,12619.4,12861.6,949519.8,2567251.8,3936473.2,59345.0,271404.5,349465.9
Calcite,16,10,20.5,45.9,1974.9,1974.2,1976.4,1975.6,175.8,163.3,163.2,164.4,18.0,23.0,18.8,18.4,15.5,16.3,23.5,23.8,6.5,485.1,494.4,32110.1,79985.3,112487.7,2006.9,7154.2,9164.4
Skagway,16,6,1626.7,451.4,2002.2,2007.5,2001.5,2009.5,960.8,2622.3,1368.9,2448.6,64.0,229.7,159.0,346.9,13.0,21.8,16.0,28.0,330.7,25033.3,25513.9,687007.9,2784393.9,3064341.4,42938.0,169755.3,178518.1
Hackberry,16,16,977.0,1594.9,2007.5,2007.5,2010.4,2010.4,1867.1,2795.3,2794.4,2767.2,176.5,240.0,410.7,407.1,63.0,179.6,177.7,168.1,127.9,9812.5,10000.9,668388.5,2266866.3,2806620.3,41774.3,192461.9,237511.1
Manchester,16,16,2318.3,2788.2,2008.3,2008.3,2010.0,2011.6,4301.5,2813.7,2498.1,2675.2,294.0,239.2,348.2,358.6,42.0,83.8,98.3,127.0,219.3,16900.9,17225.4,1141395.3,3331739.0,3985548.9,71337.2,273173.3,325266.8
Pearl Harbor,15,11,1089.1,734.2,1990.1,1992.9,1996.7,1997.1,3624.9,4018.9,4440.5,4124.0,315.0,836.7,334.6,318.1,96.0,194.0,81.7,97.8,157.4,12046.7,12278.0,1716205.0,4147799.0,4657768.8,114413.7,297615.4,338885.7
Tierra Verde,14,14,209.7,274.3,2002.9,2002.9,2007.1,2009.2,1275.5,1327.9,1289.5,1277.4,81.5,114.7,103.0,106.9,13.0,19.4,16.9,17.5,36.0,2752.7,2805.5,326268.1,851770.8,1060373.5,23304.9,72197.3,87549.6
Erie,14,13,51.2,83.3,1993.4,1995.2,2004.4,2005.1,189.4,202.5,270.2,288.7,23.0,31.1,59.3,63.4,19.5,732.6,580.7,585.6,44.9,3369.2,3433.9,55908.9,129087.7,155365.0,3993.5,11560.0,14369.0
South Padre Island,14,12,600.4,1036.1,2010.3,2009.2,2011.2,2011.2,416.0,1673.9,2431.6,2514.3,40.0,146.7,339.8,343.9,23.0,57.8,69.3,69.2,70.9,5467.6,5572.5,296291.5,1051490.9,1241110.0,21163.7,102632.5,124183.5
Saint Louis,14,14,792.9,1270.0,2007.1,2007.1,2003.5,2003.6,1442.5,2507.3,3110.0,3129.3,170.5,242.5,558.0,562.4,38.5,45.2,41.8,41.5,133.6,10275.8,10473.1,352406.1,1930317.6,2235026.8,25171.9,167034.4,204872.4
Hilo,13,10,1290.1,379.7,2004.5,2004.1,2007.3,2007.3,4086.9,3758.9,2568.9,3989.2,351.0,299.7,195.6,375.2,9.0,10.4,10.4,15.1,264.5,20332.0,20722.4,333135.3,1901208.6,2379127.1,25625.8,175176.1,225244.9
Fairport Harbor,13,6,23.4,34.8,1970.2,1972.7,1970.1,1970.3,127.1,141.3,132.9,133.5,14.0,17.8,17.9,18.2,29.0,10.6,28.8,28.8,4.1,310.5,316.5,18050.1,49181.0,73105.6,1388.5,5887.7,7600.8
Port Huron,13,8,32.0,47.7,1999.6,1993.6,2008.2,2008.8,260.9,180.2,235.5,240.4,28.0,65.4,55.7,60.8,48.0,61.7,64.2,66.0,17.5,1314.0,1339.3,31700.5,85757.1,103133.8,2438.5,8276.7,9764.2
Albany,13,12,541.5,769.5,2011.4,2011.4,2011.7,2011.7,3807.9,3700.3,3611.2,3522.7,317.0,329.6,392.2,386.3,67.0,60.8,66.8,68.1,98.7,7566.2,7711.4,522670.2,1632098.4,2251337.7,40205.4,184521.4,239624.6
Eastport,12,9,306.4,418.4,2004.3,2005.1,2005.8,2006.2,975.0,1454.5,1447.7,1411.2,96.0,132.1,163.2,158.2,57.0,63.2,47.9,49.3,32.8,2485.8,2533.6,537419.6,1333847.0,1649444.9,44785.0,144334.6,179575.6
Monroe,12,8,21.1,35.3,1982.8,1980.2,1980.4,1979.5,98.7,140.1,108.9,105.6,18.0,21.6,16.1,15.4,19.5,18.2,21.1,21.8,4.7,356.4,363.3,17455.3,38411.3,46555.1,1454.6,5135.3,6518.4
Lynnhaven Roads,12,7,845.5,1527.0,2012.2,2011.0,2012.1,2012.2,2292.9,3473.6,3648.7,3932.4,265.0,394.6,543.6,547.4,7.0,35.6,32.5,32.0,81.6,6221.9,6341.3,913843.8,2329345.8,2978368.6,76153.7,252085.8,325549.2
Westport,12,12,1661.8,2869.8,2012.5,2012.5,2012.9,2012.9,4471.2,4615.0,4615.6,4606.8,387.5,386.1,390.1,388.5,95.0,117.3,123.3,123.6,124.8,9641.9,9827.0,1186103.1,2520956.0,3224119.0,98841.9,340523.2,404535.4
Coeymans,12,12,1159.5,1856.6,2008.5,2008.5,2010.9,2011.0,4021.5,4549.9,4570.1,4540.2,386.5,413.2,480.5,474.4,85.0,98.9,134.4,140.8,128.9,9914.5,10104.9,898970.7,2179960.3,2802176.6,74914.2,274119.8,333519.6
"Springville, Suffolk",11,10,726.5,692.5,2008.7,2008.5,2007.4,2008.3,562.2,1617.0,1359.5,1398.2,61.0,134.9,211.8,231.5,2.0,3.6,2.0,2.2,66.5,5075.1,5172.5,442964.7,1447752.9,1641544.6,40269.5,138904.9,159384.2
Patchogue,11,11,3959.6,4818.1,2007.7,2007.7,2007.3,2007.6,4054.5,5046.1,5982.5,5931.9,382.0,351.5,439.8,445.6,1.0,2.3,2.2,2.2,480.8,37156.7,37870.1,2599046.4,7420545.7,8508556.8,236276.9,808125.8,945586.1
Southport,11,11,862.0,1351.8,2005.6,2005.6,2004.4,2005.1,4254.4,3827.2,4036.7,3969.8,356.0,339.0,418.2,399.9,30.0,68.4,113.2,97.2,114.1,8757.6,8925.8,534207.8,1758577.9,2126179.8,48564.3,210865.0,254387.8
North Wildwood,10,10,4956.9,9565.3,2008.5,2008.5,2009.0,2009.0,2540.9,4098.7,6833.0,7036.8,267.5,382.2,902.1,909.6,14.5,16.2,23.1,23.1,326.2,25183.8,25667.3,2489739.7,4551734.9,4860196.0,248974.0,692804.1,862809.6
Annapolis,10,10,1581.4,2667.0,2008.5,2008.5,2011.4,2013.0,3564.9,3075.1,3254.5,3252.0,324.5,414.7,396.5,410.4,62.5,63.3,80.6,88.1,104.3,7998.9,8152.4,709282.8,1910451.8,2229198.4,70928.3,256841.4,304699.1
Jobstown,10,10,942.4,1564.0,2012.6,2012.6,2013.2,2013.2,3750.2,3683.5,3856.3,3837.5,354.5,347.7,449.6,451.2,119.0,110.4,107.9,108.4,97.4,7500.8,7644.8,476044.6,1337031.0,1612670.7,47604.5,199909.1,241669.8
Newport,10,9,610.8,587.3,1998.3,2000.8,2007.9,2007.9,3349.8,3213.0,3974.0,3952.0,350.5,398.4,328.3,344.9,64.0,114.8,132.2,199.6,71.6,5483.2,5588.5,277738.3,1095871.5,1324180.8,27773.8,129200.1,154313.7
Jersey City,10,7,512.1,289.7,1980.6,1994.6,2005.9,2006.6,747.8,1684.0,1846.1,1666.5,137.0,176.5,200.4,303.0,40.0,58.6,55.7,78.5,109.7,8377.8,8538.7,381445.8,1284821.7,1387660.6,38144.6,137858.1,146277.7
Anchorage,10,10,929.9,1492.2,2012.4,2012.4,2012.4,2012.3,3725.4,3875.3,3889.2,3868.8,322.5,334.3,342.5,341.1,48.0,158.4,140.9,141.4,113.9,8781.4,8950.0,556545.2,2031477.8,2505151.5,55654.5,273601.5,336745.6
West Sayville,10,10,2991.5,3394.5,2007.1,2007.1,2009.0,2008.7,3450.1,3595.6,4749.0,4266.1,214.5,220.0,382.8,370.1,3.5,13.1,12.3,12.5,366.1,28281.0,28824.0,1783234.7,4984597.5,5731506.2,178323.5,601285.5,703944.6
Kittery,10,8,331.4,454.0,2009.2,2009.6,2011.9,2011.3,563.2,1731.2,1644.7,1542.9,57.0,151.7,242.8,235.9,34.0,179.9,56.1,47.1,42.4,3087.6,3146.9,225881.2,711695.2,871794.0,22588.1,108159.2,138199.7
Eureka,10,8,1611.1,2140.5,2010.6,2011.4,2009.8,2010.3,4943.9,5096.1,4914.9,4960.3,374.5,422.6,393.9,403.3,164.5,202.1,166.3,176.0,122.2,9423.4,9604.4,913704.0,2187596.4,2977445.3,91370.4,357794.7,444277.9
Somerset,10,4,134.1,144.9,1982.7,2000.2,2001.8,2004.9,2865.0,2224.5,2444.3,2831.7,336.5,240.5,285.6,283.6,122.5,48.8,59.4,52.2,26.8,2035.5,2074.6,146208.4,516825.0,689216.1,14620.8,58197.5,78729.9
Nome,10,8,271.5,378.0,1995.3,1994.9,2004.4,2006.4,3002.9,2497.8,2213.6,2310.4,268.5,373.8,289.2,273.1,29.5,124.1,370.4,444.9,99.8,7680.1,7827.6,309056.7,916537.6,1089023.8,30905.7,108229.0,131965.7
Pleasant Island,9,1,0.1,0.2,1983.0,1983.0,1983.0,1983.0,121.1,121.1,161.5,161.5,14.0,14.0,44.5,44.5,11.0,11.0,12.5,12.5,4.1,309.2,315.2,8451.8,10355.7,10507.1,939.1,1438.2,1758.7
Indiana Harbor,9,8,100.3,152.2,1992.0,1995.4,2004.8,2003.9,546.4,626.1,647.4,633.0,65.0,61.5,65.1,64.0,35.0,54.8,54.1,53.5,13.6,1019.2,1038.8,70596.7,158705.3,216722.5,7844.1,28364.1,34735.1
Holland,9,2,31.3,44.8,1947.4,1948.0,1948.1,1947.9,290.5,288.9,286.3,286.4,28.0,26.8,26.6,26.7,5.0,5.5,12.1,12.3,5.4,404.6,412.4,18372.8,51004.3,79270.8,2041.4,9617.6,12465.0
Belle Harbor,9,8,2183.7,2859.4,2008.0,2008.1,2005.8,2006.2,3743.1,3960.0,4172.9,3743.3,210.0,291.6,384.2,373.2,7.0,12.1,13.9,12.9,264.0,20394.5,20786.1,1300654.2,3661901.1,4261372.8,144517.1,516868.0,615820.5
Muskegon,8,7,47.9,73.4,1980.0,1974.7,1994.7,1991.5,309.0,367.5,403.9,396.2,28.5,33.6,41.5,41.3,6.0,33.2,64.7,65.0,6.8,506.9,516.6,30086.2,83521.4,129808.8,3760.8,17717.7,22963.5
Akutan,8,7,318.0,375.3,2000.9,2001.9,2000.7,2000.6,3133.5,3219.9,2836.1,2591.0,232.0,249.7,291.4,287.7,35.5,46.3,54.0,48.6,110.7,8461.1,8623.6,919359.9,2087343.6,2364304.7,114920.0,258870.8,283100.5
Barnegat,8,8,3915.7,4241.0,2009.8,2009.8,2012.7,2012.8,2347.9,4877.4,6631.5,6495.8,209.0,312.0,572.3,566.2,8.0,14.6,21.6,20.2,362.2,28005.7,28543.4,1754239.0,5000055.6,6039802.6,219279.9,841366.1,1012367.6
New Bedford,8,8,236.0,256.5,1991.5,1991.5,1992.8,1992.9,3464.6,3517.8,3501.4,3496.5,268.5,289.5,280.1,275.3,73.5,121.2,92.7,86.6,112.9,8574.8,8739.4,799145.4,1737336.5,1950302.2,99893.2,213651.7,231591.3
Salem Nj,8,1,18.2,23.1,2001.0,2001.0,2001.0,2001.0,764.2,764.2,774.7,774.7,69.5,69.5,75.8,75.8,9.0,9.0,10.2,10.2,7.6,579.0,590.1,51631.0,130947.4,147853.8,6453.9,16633.4,18731.9
Saint Pete Beach,8,8,965.6,1549.5,2008.0,2008.0,2013.1,2014.0,3132.1,4151.6,3876.8,5012.6,270.5,379.0,659.7,691.3,37.5,125.1,191.9,204.3,105.0,8085.1,8240.3,684878.5,1553164.3,1866747.8,85609.8,287370.5,335158.4
Nawiliwili,8,6,777.3,508.4,2007.6,2007.3,2007.1,2007.9,5337.6,4645.5,3329.0,5007.7,371.5,334.3,276.4,405.9,21.5,21.8,17.4,25.3,174.8,13444.3,13702.4,654114.4,2076282.5,2140741.6,81764.3,356418.4,419436.4
Brevort,8,7,19.8,32.3,1977.9,1977.3,1978.3,1977.9,240.5,238.2,263.5,271.4,40.5,41.4,48.7,48.1,10.5,13.9,17.5,18.3,4.7,355.4,362.2,24798.4,61977.4,81634.5,3099.8,10083.9,12998.0
Melville,8,6,332.1,439.2,2005.9,2005.0,2005.6,2005.5,3296.0,3164.4,3028.2,3027.6,242.0,228.3,230.3,230.6,36.5,54.5,54.7,53.7,75.6,5803.4,5914.8,165927.3,605850.8,894543.0,20740.9,124097.5,169467.4
Alexandria Bay,8,6,22.5,33.8,1999.4,2000.2,2005.4,2005.4,145.8,255.0,314.9,322.5,24.0,27.8,44.0,44.9,5.5,10.0,7.0,6.7,4.6,343.4,350.0,31177.9,67298.6,86561.5,3897.2,11635.1,14384.1
Port Jefferson,7,1,2.0,0.2,2002.0,2002.0,2002.0,2002.0,77.2,77.2,105.5,105.5,14.0,14.0,28.2,28.2,7.0,7.0,7.4,7.4,2.4,177.5,180.9,909.7,5137.7,11171.2,130.0,750.8,1451.0
Indialantic,7,5,752.1,150.3,2006.0,2003.6,2009.7,2007.9,1323.0,973.8,1010.0,1170.5,59.0,60.0,67.3,89.5,11.0,16.8,11.4,33.8,133.7,10250.8,10447.6,88276.4,739408.0,1011159.4,12610.9,103668.4,136337.0
Port Morris,7,3,79.6,119.3,2010.9,2010.3,2011.7,2011.7,1129.1,955.7,1131.5,1132.4,108.0,114.2,150.6,152.4,43.0,73.0,122.5,125.8,13.1,981.7,1000.5,118620.3,258892.6,316495.6,16945.8,51652.5,63253.5
Hoquiam,7,3,17.3,29.0,1973.4,1994.0,2010.6,2011.1,320.1,462.6,528.4,531.0,41.0,37.0,36.8,36.0,16.0,15.7,14.7,14.3,4.3,325.8,332.1,25395.8,82548.4,99626.2,3628.0,13225.4,16178.2
Gary Harbor,7,5,86.7,133.7,1972.7,1978.0,1979.2,1978.5,789.4,677.8,760.8,722.8,64.0,77.6,93.4,89.8,32.0,42.9,48.8,48.0,13.6,1020.5,1040.1,66833.5,170625.2,251460.5,9547.6,38776.5,49692.4
Newfane,7,6,35.3,54.7,1993.1,1997.3,2007.6,2008.1,224.9,345.4,536.6,579.5,22.0,93.8,104.8,102.7,7.0,12.0,11.2,10.7,8.0,601.6,613.2,34990.8,81627.4,103683.6,4998.7,16415.8,19656.8
Sitka,7,3,395.9,49.8,2000.0,1998.7,2000.3,2000.4,725.5,721.5,663.4,661.6,44.0,43.7,42.1,42.1,8.0,7.0,7.4,7.4,128.2,9624.5,9809.3,299091.8,1083927.2,1069591.1,42727.4,137187.7,126151.8
Yonkers,7,6,133.5,210.0,2011.9,2011.3,2011.6,2011.7,2039.4,2006.8,1932.9,1929.6,367.0,312.2,318.6,318.0,129.0,128.6,126.2,126.4,28.2,2150.4,2191.7,84005.3,254457.0,388588.3,12000.8,60950.4,80439.1
Haines,7,1,0.1,0.1,1983.0,1983.0,1983.0,1983.0,95.4,95.4,83.1,83.1,13.0,13.0,13.3,13.3,10.0,10.0,10.0,10.0,1.9,143.2,145.9,3383.7,4146.0,4206.6,483.4,740.3,905.3
Tavernier,7,6,223.6,204.6,1997.0,1997.0,2002.8,2006.5,749.3,949.1,645.9,1112.9,68.0,169.2,174.6,309.6,10.0,31.9,40.8,68.0,40.9,3137.5,3197.8,217794.1,590470.4,629914.9,31113.4,90789.8,100224.2
Mackinaw City,7,5,11.5,15.6,1991.0,1993.2,1976.5,1971.9,198.4,173.2,176.9,177.3,19.0,32.6,57.2,57.6,10.0,24.6,12.6,9.4,3.6,267.5,272.6,17918.3,41689.8,53836.6,2559.8,7827.1,9625.7
Klawock,6,6,367.2,582.2,2008.2,2008.2,2012.6,2012.5,2592.7,2895.4,3312.6,3313.8,250.5,278.8,493.4,493.8,113.0,112.0,151.6,151.4,33.4,2568.2,2617.5,248098.0,613426.7,894322.8,41349.7,170461.6,214336.3
Corolla,6,6,1878.0,1272.6,2010.7,2010.7,2011.3,2011.0,3843.8,4348.5,4579.7,5543.5,272.0,283.5,374.2,425.4,14.0,56.3,62.7,70.3,151.6,11166.8,11381.2,908181.8,2991519.9,3216373.3,151363.6,518918.1,621469.6
Tenakee Springs,6,2,94.7,148.1,1988.0,1998.0,2013.0,2013.0,186.7,2175.2,4139.1,4157.7,58.0,194.5,348.7,348.8,8.5,15.0,23.0,23.0,12.0,918.9,936.5,71719.7,137668.2,169184.0,11953.3,36589.2,42628.9
Poughkeepsie,6,6,195.2,282.3,2008.0,2008.0,2009.3,2010.0,2837.1,2674.3,2923.8,2962.7,251.5,229.0,290.0,291.3,10.5,9.7,10.7,10.8,32.7,2505.3,2553.4,179130.2,468153.7,630042.6,29855.0,117696.8,148126.5
Guttenberg,6,2,125.5,12.8,1995.2,1989.5,1995.0,1993.3,675.4,650.9,672.3,665.9,43.0,42.0,43.0,42.7,9.5,22.0,13.7,16.4,35.9,2739.4,2792.0,33476.5,277088.9,369517.6,5579.4,38533.3,45810.8
Philadelphia,6,6,583.3,1017.9,2010.0,2010.0,2010.9,2011.0,2740.0,2833.8,2870.0,2890.8,260.5,304.2,382.9,388.7,68.5,78.5,96.2,98.3,63.7,4876.6,4970.2,331327.4,1197426.4,1402424.0,55221.2,258241.6,315672.0
Rochester,6,4,4.2,6.5,1984.3,1982.8,2005.7,2006.6,114.9,124.9,201.9,209.4,15.5,20.9,14.7,14.2,17.0,21.0,41.2,42.3,1.3,94.3,96.1,5139.5,11050.1,15492.7,856.6,2804.0,3593.7
Block Island,6,6,586.6,822.8,2001.3,2001.3,2005.7,2005.2,3433.5,4613.1,3988.9,4981.8,303.0,396.0,589.4,696.6,0.0,3.2,0.5,0.5,71.2,5489.1,5594.5,356765.1,1043574.4,1323916.2,59460.9,241618.8,290577.1
Lighthouse Point,6,6,91.2,148.5,1990.7,1990.7,2007.5,2007.6,903.4,1075.5,1214.9,1205.5,79.5,120.3,154.1,152.9,8.5,168.7,17.6,13.4,11.2,853.2,869.5,71302.7,255979.8,325442.5,11883.8,53862.7,68367.8
Tuckahoe,6,6,758.5,887.4,2004.5,2004.5,2002.6,2002.6,3040.4,2313.1,2254.8,2292.7,184.0,149.8,187.4,187.7,2.0,2.8,2.5,2.5,102.6,7895.6,8047.2,707211.9,1823636.5,2035921.7,117868.6,335012.5,384752.7
Boutte,6,6,512.8,898.2,2007.5,2007.5,2009.3,2009.3,2096.0,2542.9,2547.6,2557.0,204.0,226.7,289.3,292.5,7.5,79.7,58.7,61.5,45.5,3481.9,3548.8,218728.2,668176.8,840154.4,36454.7,167991.4,207991.9
Orange,5,4,179.9,311.7,2004.4,2002.5,2004.2,2004.1,1976.4,2588.4,4994.0,5481.2,346.0,365.0,485.5,482.8,140.0,528.4,1248.2,1273.2,27.9,2126.6,2167.4,201216.1,412252.6,506512.9,40243.2,118042.9,139599.2
Ludington,5,1,0.4,0.3,1974.0,1974.0,1974.0,1974.0,320.9,320.9,326.1,326.1,42.0,42.0,41.8,41.8,32.0,32.0,41.6,41.6,1.5,109.9,112.0,6557.2,15505.7,20761.3,1311.4,3386.3,4572.1
La Pointe,5,5,34.7,68.2,1973.8,1973.8,1977.7,1977.8,298.9,294.5,316.1,314.8,27.0,30.4,29.2,28.9,14.0,25.4,11.2,11.7,4.8,362.3,369.2,19964.6,48761.9,57946.7,3992.9,15246.3,18305.2
Warwick,5,5,54.2,81.2,2006.0,2006.0,2005.2,2004.6,1453.1,1359.8,1166.5,1133.1,157.0,129.2,123.0,118.6,54.0,57.6,62.9,66.1,8.7,662.7,675.4,83788.9,257025.2,360025.3,16757.8,73326.6,94418.4
Seward,5,3,221.8,19.3,2009.6,2004.7,2003.4,2004.5,1288.8,2074.3,2113.5,2005.6,148.0,157.3,119.5,121.6,35.0,32.7,12.9,16.8,56.1,4325.3,4408.3,146728.3,484476.2,566683.4,29345.7,91595.5,103286.0
Manistique,5,5,21.2,33.5,1974.0,1974.0,1998.4,1997.9,274.0,295.3,397.1,384.0,73.0,67.6,70.2,69.0,24.0,25.6,22.1,21.7,3.6,270.5,275.7,16083.2,36100.4,49144.3,3216.6,11468.2,14064.5
Warrenton,5,5,983.3,1233.2,2013.0,2013.0,2012.9,2011.6,4549.2,4998.2,4938.5,5127.9,367.0,467.6,468.5,526.4,9.0,15.6,15.6,16.4,60.6,4679.9,4769.8,557091.1,1769832.9,2412350.6,111418.2,514401.4,655301.1
Kihei,5,5,683.2,155.3,2000.0,2000.0,2001.1,2002.2,3299.5,3440.5,2774.4,3665.4,210.0,230.4,185.1,303.9,37.0,43.2,32.0,44.7,133.6,10271.9,10469.2,498983.4,1711875.2,1864432.8,99796.7,328786.7,344507.0
Princetown,5,4,609.4,1025.2,2011.6,2013.2,2011.4,2011.1,2357.3,2507.5,2756.1,2895.4,206.0,203.6,262.4,273.2,17.0,19.5,33.0,34.9,56.5,4360.3,4444.0,611080.2,1279589.9,1481538.9,122216.0,334787.3,438819.3
Bridgeport,5,5,471.3,805.9,2007.2,2007.2,2011.2,2011.2,719.0,2979.8,5943.5,6355.9,304.0,375.2,833.3,840.2,33.0,107.4,303.3,305.8,44.8,3448.3,3514.5,223992.1,570040.5,668327.5,44798.4,176405.2,213614.1
St Petersburg,5,5,220.6,358.2,2002.8,2002.8,2004.8,2004.8,1136.9,2943.9,4038.2,4389.2,345.0,493.6,885.9,901.5,326.0,546.0,300.3,293.7,78.4,5951.0,6065.3,170267.0,443291.6,652064.9,34053.4,140544.3,178334.2
St Louis,5,1,3.7,5.9,2018.0,2018.0,2018.0,2018.0,33.8,33.8,100.5,100.5,12.0,12.0,174.2,174.2,7.0,7.0,9.4,9.4,3.1,233.4,237.9,9424.1,17959.5,19843.1,1884.8,5099.3,6257.1
Petersburg,4,4,2.8,0.6,1988.5,1988.5,2007.4,2003.7,519.9,555.9,632.9,627.4,51.0,59.5,80.1,78.0,24.0,32.2,26.0,30.2,3.5,263.1,268.2,7810.5,17139.4,27788.2,1952.6,4784.9,7435.1
Conneaut,4,3,10.3,15.5,2003.2,1998.3,2007.1,2007.3,129.6,131.9,122.9,123.3,20.0,19.5,24.7,24.8,5.5,6.7,5.8,5.8,1.3,100.2,102.1,10432.9,21130.7,25841.1,2608.2,8119.6,9827.7
Beaufort,4,4,389.0,555.8,2003.5,2003.5,2003.1,2002.7,3783.8,5157.9,5865.6,5666.9,348.5,427.8,678.0,658.7,89.5,92.8,143.3,144.1,63.0,4837.6,4930.4,202584.4,862080.6,1162877.8,50646.1,310024.8,406835.2
Jamesport,4,4,298.6,513.8,2007.8,2007.8,2006.1,2006.1,2177.1,2114.1,1770.8,1744.4,202.0,194.8,297.2,296.7,33.0,33.0,45.1,44.7,35.4,2708.2,2760.2,336960.3,654580.1,853408.2,84240.1,228606.4,286354.9
Fleming Island,4,3,7.0,1.3,1975.0,1978.3,2001.7,1992.6,1004.4,1069.9,1258.5,1103.2,179.0,218.8,153.9,190.2,123.0,618.7,1633.7,1233.1,32.7,2452.3,2499.4,13694.7,44533.6,77089.5,3423.7,11796.4,19040.7
Hampton,4,4,1179.4,2161.5,2012.5,2012.5,2011.5,2011.4,4097.8,5539.3,4811.9,4732.9,603.5,728.0,889.0,896.6,20.0,25.0,17.1,16.0,91.3,7033.6,7168.6,463892.6,1639070.0,1888872.4,115973.1,523888.6,626651.8
Valdez,4,4,2590.9,4598.9,1995.0,1995.0,2006.1,2006.3,6859.2,7811.2,10116.4,10389.1,987.5,900.2,1284.9,1301.1,16.5,15.2,20.6,20.8,279.5,21620.4,22035.5,1686777.9,3180062.8,3584147.1,421694.5,1107315.1,1337979.2
Marine City,4,4,13.9,19.7,1988.8,1988.8,2004.1,2003.3,217.9,216.7,214.3,213.8,23.5,26.8,27.6,26.9,4.0,7.8,10.8,10.8,2.6,195.8,199.5,9008.5,24612.7,37763.5,2252.1,10098.4,13121.8
Falmouth,4,3,41.7,19.5,2004.2,2006.7,1997.9,2000.0,2788.0,2445.7,831.0,237.0,393.0,487.7,1366.1,1224.9,86.5,94.7,214.8,193.3,18.0,1353.5,1379.5,117270.8,241111.3,259919.1,29317.7,65566.7,74093.9
St Clair,4,4,3.3,4.4,1983.0,1983.0,1953.7,1947.0,270.4,268.4,261.1,258.8,45.0,53.0,44.8,44.7,13.5,11.5,4.5,2.9,1.2,90.7,92.4,9728.7,23691.8,32718.9,2432.2,7168.3,9572.1
Port Costa,4,4,750.1,1373.8,2006.0,2006.0,2007.1,2007.3,3601.5,3564.8,3573.4,3575.2,346.5,408.5,409.4,409.3,17.5,29.2,23.5,22.7,92.8,7109.8,7246.3,833260.3,1375295.9,1770144.6,208315.1,497678.1,619206.0
Charlevoix,4,2,2.5,4.5,1969.2,1970.5,1972.3,1972.9,248.5,237.0,226.8,224.3,29.5,25.0,21.3,20.3,10.0,10.0,10.8,11.0,1.4,108.7,110.8,4970.0,12499.0,17819.6,1242.5,4174.1,5520.1
North Rose,4,1,0.2,0.1,1968.0,1968.0,1968.0,1968.0,104.8,104.8,110.5,110.5,15.0,15.0,428.6,428.6,2.0,2.0,1.8,1.8,2.2,165.3,168.5,552.3,1133.2,1221.1,138.1,307.2,346.9
Grand Haven,4,4,7.4,11.1,1979.0,1979.0,1965.3,1964.8,301.9,382.8,284.6,277.6,26.5,26.8,25.6,25.4,14.5,79.2,27.2,16.5,3.1,231.7,236.2,15609.8,38674.7,54334.2,3902.5,12390.2,16437.8
Garberville,4,1,231.2,445.5,2013.0,2013.0,2013.0,2013.0,320.9,320.9,350.7,350.7,33.5,33.5,47.9,47.9,47.5,47.5,52.4,52.4,12.1,935.6,953.6,105927.4,178537.0,185867.1,26481.9,71859.6,90013.6
Cut Off,4,4,1004.1,1740.5,2004.5,2004.5,2007.4,2007.8,7190.7,6512.8,6344.1,6170.4,727.0,610.2,710.3,706.0,12.0,42.5,18.4,19.4,104.0,8004.6,8158.3,350513.4,1342286.1,1538946.8,87628.4,473027.4,579206.8
Port Ewen,4,4,161.2,235.8,2009.2,2009.2,2009.4,2009.3,3748.9,3888.0,3881.6,3863.4,319.0,385.5,388.2,381.2,27.0,31.2,33.3,32.1,37.6,2873.5,2928.7,74961.8,327863.3,449150.0,18740.4,121907.3,162136.6
Houghton,3,3,7.8,13.2,1991.3,1991.3,1998.7,1991.8,210.6,203.9,202.4,198.8,36.0,33.7,26.4,27.1,7.0,13.0,10.9,13.5,1.2,92.3,94.1,6178.7,13965.5,19000.8,2059.6,7482.2,9132.6
St. James,3,3,116.9,187.7,2007.0,2007.0,2009.9,2010.1,1907.9,1867.3,2004.5,2014.2,150.0,151.3,162.6,162.8,17.0,53.3,67.0,65.5,13.0,985.9,1004.9,61694.5,226340.8,266666.1,20564.8,103559.6,125521.6
Escanaba,3,3,19.4,25.8,1996.7,1996.7,1995.3,1994.5,319.6,423.4,375.7,375.5,32.0,39.3,39.0,39.1,21.0,20.3,20.3,20.2,2.7,199.0,202.8,10303.6,31303.7,47777.0,3434.5,17488.9,23094.6
Port Chicago,3,3,159.4,175.5,1988.0,1988.0,1975.6,1976.6,5153.1,4194.4,4294.4,3795.4,358.0,321.3,466.8,454.0,168.0,129.0,139.5,139.3,13.2,1008.2,1027.5,903315.0,1925806.0,2146946.9,301105.0,719786.9,828075.7
Chatham,3,1,0.1,0.1,1983.0,1983.0,1983.0,1983.0,188.8,188.8,252.9,252.9,43.0,43.0,64.5,64.5,6.0,6.0,7.0,7.0,1.8,135.2,137.8,4412.8,5406.9,5486.0,1470.9,2252.7,2754.8
Amagansett,3,3,1546.9,1685.1,2009.7,2009.7,2011.9,2011.9,4096.0,5160.9,8847.9,8360.1,391.0,395.7,579.9,569.7,8.0,6.7,8.3,8.5,132.9,10282.5,10479.9,641335.0,1424069.5,1874630.8,213778.3,793645.3,982387.9
Longboat Key,3,3,18.7,26.6,2001.0,2001.0,2010.0,2010.2,1147.2,1437.9,1632.4,1637.1,194.0,163.0,159.6,159.3,5.0,5.7,5.7,5.7,5.0,382.9,390.2,49655.5,143196.4,197066.6,16551.8,64255.7,81351.8
Summerland Key,3,3,412.6,714.2,2009.0,2009.0,2008.1,2008.1,4868.2,4577.0,5228.9,5258.3,376.0,376.0,428.5,429.3,7.0,8.7,9.3,9.3,44.6,3440.8,3506.9,469144.4,847519.3,1117223.8,156381.5,425587.3,520582.7
Menemsha,3,3,115.6,180.6,2003.7,2003.7,2010.5,2011.0,3197.0,2678.7,3103.9,3180.7,247.0,208.3,297.0,306.0,250.0,188.0,31.8,10.6,14.7,1122.3,1143.8,118218.7,236895.1,280397.7,39406.2,112836.3,130192.7
Santa Rosa Island,3,3,919.0,923.3,2006.7,2006.7,2006.5,2007.1,5209.6,5162.6,5182.0,5249.1,325.0,331.0,310.3,314.1,1.0,4.0,2.4,3.8,100.7,7788.4,7938.0,399691.0,1539919.3,1790688.0,133230.3,579489.5,678751.4
Tiburon,3,3,370.4,655.2,2006.7,2006.7,2006.4,2006.3,3378.1,3285.5,3314.0,3320.4,293.0,293.7,294.5,294.3,37.0,69.0,71.3,72.7,48.9,3752.1,3824.1,427581.9,836913.7,1091256.0,142527.3,389618.8,487962.9
Point Arena,3,3,120.0,161.6,1995.3,1995.3,1995.8,1994.3,760.0,774.9,772.8,776.6,55.0,54.7,54.2,55.6,3.0,9.3,9.4,9.0,14.1,1058.0,1078.3,91909.5,247967.3,279217.8,30636.5,96523.0,112880.8
Lake Park,3,3,1.1,0.9,1980.3,1980.3,1979.5,1979.0,996.9,990.2,962.3,977.8,117.0,141.0,123.9,128.2,2.0,10.7,5.2,6.7,3.7,281.2,286.6,22743.1,53780.6,72009.3,7581.0,19575.6,26430.4
Houma,3,3,2.9,1.6,1977.3,1977.3,1975.5,1975.0,2601.4,3324.4,2666.6,3324.4,170.0,1682.3,1817.5,1369.0,480.0,431.3,578.4,628.5,10.8,812.7,828.3,42092.0,99534.8,133271.7,14030.7,36229.7,48916.2
Amelia City,3,3,47.5,72.6,2007.7,2007.7,2007.3,2007.1,1789.9,1696.6,1462.4,1450.5,136.0,1017.0,155.6,145.0,5.0,5.3,6.3,6.4,12.3,930.2,948.0,36189.2,144088.5,183903.5,12063.1,59983.9,77879.7
Huger,3,2,26.8,42.5,2011.7,2011.5,2011.6,2011.6,1965.2,1845.2,1805.2,1805.2,192.0,182.0,185.5,185.5,62.0,78.5,71.7,71.7,9.2,704.1,717.6,72931.2,213935.1,295030.5,24310.4,97393.6,122802.3
Marinette,3,3,14.3,21.0,1996.7,1996.7,2005.3,2005.7,321.5,353.7,321.3,321.3,27.0,38.3,26.7,26.7,10.0,10.0,10.2,10.3,2.3,170.3,173.5,13451.0,31244.1,42962.3,4483.7,15239.7,19203.2
Algonac,3,3,5.0,7.3,1987.0,1987.0,1981.0,1980.4,264.4,232.3,182.9,177.6,24.0,29.0,26.8,24.0,10.0,9.0,6.4,6.0,1.3,94.6,96.4,5903.9,14663.9,19440.6,1968.0,6759.2,8339.6
Cundy Harbor,3,2,39.1,57.5,2005.7,2006.0,2005.5,2005.4,652.1,942.0,716.8,691.8,33.0,57.0,40.3,36.1,15.0,15.8,20.5,21.7,8.1,606.6,618.2,31979.5,124806.0,142515.4,10659.8,45907.5,54409.2
Ship Island,3,2,58.6,95.1,2009.7,2010.5,2011.4,2011.7,1047.7,1085.8,1070.7,1066.8,67.0,64.5,65.7,65.9,22.0,19.8,20.3,20.6,9.4,717.9,731.7,70498.9,184482.3,208855.2,23499.6,70020.1,80935.0
East Lake,3,1,0.2,0.1,1968.0,1968.0,1968.0,1968.0,87.7,87.7,149.0,149.0,13.0,13.0,28.2,28.2,0.0,0.0,0.4,0.4,0.4,28.6,29.1,558.4,1145.7,1234.5,186.1,414.2,467.6
Youngstown,3,3,1.9,3.0,2001.0,2001.0,1996.1,1995.8,41.3,42.6,33.7,35.1,13.0,16.3,17.9,18.1,5.0,5.0,3.8,3.7,0.4,29.3,29.9,1249.1,3312.4,4610.7,416.4,1806.1,2305.7
Wrangell,3,3,23.1,2.3,1998.7,1998.7,1998.2,2000.1,603.3,479.2,748.9,700.1,46.0,44.3,46.4,49.1,6.0,12.7,6.3,8.3,7.5,563.8,574.6,12413.4,60863.3,81255.6,4137.8,18366.2,22818.4
Port Townsend,3,3,1.2,0.9,1969.7,1969.7,1993.2,1993.4,78.5,130.0,82.2,80.8,9.0,22.0,9.1,8.2,16.0,55.0,138.0,140.4,0.7,53.2,54.2,6932.0,14572.7,16380.7,2310.7,5273.3,6163.1
Melvindale,3,2,19.5,35.8,1953.3,1950.5,1950.6,1951.4,322.3,479.1,412.7,400.2,34.0,46.0,45.9,44.6,8.0,9.0,8.9,9.1,3.1,231.9,236.3,14668.5,40720.7,63288.1,4889.5,23035.4,29855.5
Lakeside Marblehead,3,3,4.8,7.0,1973.7,1973.7,1963.3,1963.8,174.6,175.6,176.2,176.0,18.0,20.3,17.7,17.6,12.0,12.3,11.5,11.5,0.8,61.2,62.4,4461.5,11725.9,17408.4,1487.2,5868.6,7680.8
Mukilteo,3,3,270.2,351.7,2001.7,2001.7,2002.5,2002.6,4300.8,3102.7,4255.6,4298.6,297.0,208.7,296.4,296.9,23.0,28.0,14.9,15.6,33.3,2569.3,2618.7,204798.9,739957.5,909915.7,68266.3,305173.2,385752.4
Mentor Harbor,3,3,10.1,13.2,2005.3,2005.3,2008.2,2008.0,147.0,501.2,397.8,369.5,86.0,76.0,96.5,95.5,6.0,6.0,4.7,4.8,4.0,303.8,309.6,21563.4,59889.0,79880.7,7187.8,26879.2,33614.4
Manistee,3,3,7.2,14.2,1974.3,1974.3,1973.3,1973.0,351.3,350.2,349.8,349.7,34.0,36.3,33.7,33.1,9.0,12.0,8.4,7.6,1.7,124.1,126.5,8780.9,23134.6,34419.1,2927.0,11647.1,15236.1
Laurel,2,2,2159.1,4182.1,2007.5,2007.5,2012.0,2012.0,6860.6,6860.6,11698.9,11812.3,564.0,564.0,1086.9,1087.3,200.5,200.5,132.7,132.6,116.3,8996.4,9169.2,993629.6,1694799.6,1767300.0,496814.8,1358668.2,1701552.0
Baton Rouge,2,2,249.8,466.3,2014.5,2014.5,2014.2,2014.2,3158.0,3158.0,3438.1,3528.9,265.0,265.0,342.1,346.9,121.5,121.5,161.0,163.4,19.1,1468.6,1496.8,94089.8,345301.1,395688.2,47044.9,246997.3,302350.7
Tomkins Cove,2,2,175.8,300.3,2010.0,2010.0,2010.0,2010.0,3395.9,3395.9,3409.5,3412.0,295.5,295.5,291.9,291.3,235.5,235.5,230.9,230.1,17.1,1317.5,1342.8,130139.8,292327.5,400585.3,65069.9,240852.4,293740.2
Cottrellville,2,2,0.2,0.0,1982.5,1982.5,1973.0,1972.2,271.8,271.8,274.5,274.8,80.0,80.0,99.3,101.0,12.5,12.5,14.9,15.1,0.2,12.2,12.5,724.5,1687.0,2213.6,362.3,920.4,1222.0
Saint Helens,2,2,347.4,637.1,2010.0,2010.0,2011.8,2012.0,4673.9,4673.9,4737.0,4747.4,461.0,461.0,459.2,459.0,375.5,375.5,303.0,294.5,23.8,1838.5,1873.8,185039.2,445920.4,529122.2,92519.6,352755.5,421465.0
Sagaponack,2,2,51.1,59.2,2008.5,2008.5,2008.5,2008.7,459.6,459.6,444.0,452.4,33.0,33.0,32.8,33.9,0.0,0.0,0.0,0.0,6.5,487.1,496.5,47310.9,120433.8,134109.1,23655.4,66426.1,76063.9
Berwick,2,1,0.4,0.2,1981.0,1981.0,1981.0,1981.0,691.8,691.8,691.8,691.8,110.0,110.0,110.1,110.1,11.0,11.0,11.0,11.0,1.0,74.6,76.0,5839.7,13809.1,18489.6,2919.8,7539.5,10179.7
Davenport,2,2,121.4,146.6,2016.0,2016.0,2016.0,2016.0,1648.6,1648.6,1648.6,1648.6,113.5,113.5,113.5,113.5,3.5,3.5,3.5,3.5,16.1,1237.1,1260.8,34142.1,255091.0,211821.3,17071.0,154401.4,239920.1
Naknek,2,2,0.9,0.7,1976.5,1976.5,1974.1,1974.1,1118.0,1118.0,1476.2,1453.9,192.5,192.5,352.1,351.8,40.0,40.0,69.9,69.8,2.2,168.7,171.9,18663.8,44120.2,59031.2,9331.9,24085.6,32500.9
Belfast,2,1,0.5,0.9,2018.0,2018.0,2018.0,2018.0,36.6,36.6,36.6,36.6,22.0,22.0,31.9,31.9,4.0,4.0,5.4,5.4,0.5,34.7,35.4,1370.9,2612.6,2886.6,685.5,1854.5,2275.5
Nikiski,2,2,647.1,1212.0,2017.0,2017.0,2017.0,2017.0,5326.2,5326.2,5326.2,5327.0,653.0,653.0,697.4,697.6,56.0,56.0,56.6,56.6,57.0,4363.2,4446.9,626495.3,1319339.5,1452862.1,313247.7,769380.3,961634.2
Nyack,2,2,116.2,158.0,2012.5,2012.5,2012.3,2012.3,2847.8,2847.8,2969.0,3017.0,391.5,391.5,349.4,340.7,4.0,4.0,4.0,4.0,14.9,1141.0,1162.9,63460.9,189723.9,290476.0,31730.4,159336.2,209731.8
Kake,2,1,0.0,0.0,1983.0,1983.0,1983.0,1983.0,100.3,100.3,100.3,100.3,15.0,15.0,15.0,15.0,14.0,14.0,14.6,14.6,0.7,54.2,55.2,1166.0,1428.7,1449.6,583.0,892.9,1091.9
Flagler Beach,2,2,2.2,3.2,1984.5,1984.5,1999.5,2000.3,2709.0,2709.0,3410.1,3524.4,347.0,347.0,420.7,424.6,11.5,11.5,15.1,15.3,1.9,140.1,142.8,19261.9,16560.4,22638.0,9630.9,24963.0,32377.9
Pensacola,2,2,140.6,166.9,2006.5,2006.5,2010.1,2009.6,4102.5,4102.5,2902.2,2554.0,503.0,503.0,768.8,736.8,12.5,12.5,6.3,7.1,25.4,1923.4,1960.3,65508.7,212519.1,306329.5,32754.3,173717.8,232062.2
Marblehead,2,2,266.4,257.5,2006.0,2006.0,2003.9,2004.5,1951.8,1951.8,2240.5,2090.5,155.5,155.5,180.5,173.2,245.0,245.0,154.9,181.2,50.4,3149.9,3210.4,102592.4,474212.7,434991.3,51296.2,290952.2,418381.5
Newportville,2,2,308.0,553.1,2010.5,2010.5,2009.3,2009.3,4619.3,4619.3,4049.5,4248.1,452.5,452.5,754.3,762.0,117.0,117.0,167.5,168.8,20.6,1587.1,1617.6,233159.7,472409.1,582649.0,116579.8,380054.3,443438.5
Palacios,2,2,5.4,8.4,1994.5,1994.5,2011.5,2013.4,1147.5,1147.5,434.6,418.0,170.0,170.0,54.0,40.8,26.5,26.5,42.7,44.5,2.9,222.3,226.5,18003.9,47192.0,58938.4,9002.0,25918.4,32295.3
Rhinebeck,2,2,186.6,321.6,2005.5,2005.5,2009.7,2009.9,4199.2,4199.2,4710.8,4754.1,331.5,331.5,381.6,384.4,44.5,44.5,16.6,15.0,18.3,1414.7,1441.9,182652.7,412018.3,532582.1,91326.3,313094.6,374444.6
Golden Meadow,2,2,704.7,1302.4,2009.5,2009.5,2010.1,2010.1,6346.8,6346.8,6151.1,6145.0,595.0,595.0,621.6,622.6,9.5,9.5,10.1,10.1,56.3,4344.7,4428.1,506718.3,970651.0,1131072.9,253359.1,712618.6,848769.7
Saint Johns,2,2,0.4,0.3,1968.5,1968.5,1966.9,1966.7,765.5,765.5,731.8,765.5,104.5,104.5,135.8,140.1,1761.5,1761.5,1071.4,977.8,4.1,310.4,316.4,6461.3,15279.0,20457.8,3230.6,8342.1,11263.3
Chickasaw,2,2,2.2,1.2,1977.5,1977.5,1963.4,1981.9,2377.6,2377.6,2432.6,1958.4,292.5,292.5,342.5,276.8,18.5,18.5,23.8,16.8,5.5,412.1,420.0,31659.0,74864.0,100238.8,15829.5,40874.6,55187.6
Annisquam Harbour,2,2,34.3,57.5,2009.5,2009.5,2014.4,2015.0,1959.3,1959.3,2433.8,3421.2,168.5,168.5,289.7,302.8,14.5,14.5,24.8,25.9,6.2,461.8,470.7,69405.7,200089.9,242708.5,34702.9,110122.9,131337.0
Neptune City,2,2,1633.7,1681.8,2010.5,2010.5,2012.7,2012.7,5898.2,5898.2,6521.0,6311.9,369.5,369.5,591.9,589.3,4.5,4.5,2.3,2.3,140.6,10868.7,11077.4,626498.6,1454506.8,1911424.1,313249.3,1194552.8,1486706.9
Bal Harbour,2,2,418.3,709.6,2011.0,2011.0,2013.0,2013.0,6128.6,6128.6,6208.7,6252.9,521.0,521.0,589.0,591.9,223.5,223.5,309.8,313.5,36.2,2805.0,2858.8,316612.8,626632.5,777226.8,158306.4,505380.8,587599.0
Florida City,2,2,97.1,164.1,2008.5,2008.5,2001.0,2001.0,1197.8,1197.8,1366.8,1367.2,82.5,82.5,141.6,141.6,48.5,48.5,75.6,75.6,8.8,666.4,679.2,33325.3,105584.3,120754.9,16662.7,79738.2,97505.4
Lafayette,2,1,0.3,0.2,2002.0,2002.0,2002.0,2002.0,375.3,375.3,375.3,375.3,51.5,51.5,58.8,58.8,64.5,64.5,67.8,67.8,0.1,11.2,11.5,6317.3,14938.4,20001.7,3158.6,8156.1,11012.2
Palmetto Bay,2,2,206.4,370.2,2010.0,2010.0,2011.7,2011.8,3189.5,3189.5,4072.0,4200.5,250.5,250.5,347.8,352.8,21.0,21.0,32.7,33.3,15.2,1172.5,1195.0,79329.1,238946.3,283348.8,39664.6,187263.4,232512.7
Puget Sound,2,2,7.4,6.2,1987.0,1987.0,2007.7,2007.8,7604.0,7604.0,11610.0,12157.4,520.0,520.0,1019.0,1020.4,878.5,878.5,1697.4,1699.8,14.8,1111.2,1132.5,157382.5,372162.3,498305.2,78691.3,203194.9,274347.6
Metlakatla,2,2,3.4,0.4,1985.0,1985.0,1989.0,1988.8,303.0,303.0,547.9,451.8,29.0,29.0,46.9,46.2,2.0,2.0,4.0,3.9,1.1,85.3,87.0,1627.8,8503.6,18075.1,813.9,4366.4,8280.8
Clatskanie,2,2,366.7,648.1,2013.0,2013.0,2013.0,2013.0,5442.7,5442.7,5439.9,5440.8,707.5,707.5,708.7,709.4,4.5,4.5,4.5,4.5,25.9,2003.5,2042.0,211904.6,481465.1,578509.2,105952.3,382944.2,454061.0
Sylvania,1,1,1.6,2.4,2000.0,2000.0,2000.0,2000.0,54.3,54.3,54.3,54.3,31.0,31.0,31.0,31.0,20.0,20.0,20.0,20.0,0.6,43.2,44.0,471.1,3450.2,3978.0,471.1,4068.4,5001.3
Tupper Lake,1,1,11.0,18.3,1997.0,1997.0,1997.0,1997.0,144.2,144.2,144.2,144.2,54.0,54.0,54.0,54.0,100.0,100.0,100.0,100.0,2.6,203.6,207.5,6682.3,12591.3,14184.2,6682.3,17547.4,21197.5
Bodega Bay,1,1,105.1,174.9,2009.0,2009.0,2009.0,2009.0,6174.7,6174.7,6174.7,6174.7,532.0,532.0,532.0,532.0,7.0,7.0,7.0,7.0,12.1,931.8,949.7,71686.5,199007.0,309296.2,71686.5,337729.3,437721.6
Timmonsville,1,1,2.7,3.3,2015.0,2015.0,2015.0,2015.0,151.6,151.6,151.6,151.6,12.0,12.0,12.0,12.0,5.0,5.0,5.0,5.0,0.5,39.1,39.8,3042.6,11803.0,13468.0,3042.6,12740.0,15545.7
Point Wells,1,1,0.1,0.1,1965.0,1965.0,1965.0,1965.0,278.1,278.1,278.1,278.1,14.0,14.0,14.0,14.0,1004.0,1004.0,1004.0,1004.0,1.0,75.6,77.0,2485.3,5876.9,7868.8,2485.3,6417.4,8664.5
Port Orford,1,1,25.6,31.7,2010.0,2010.0,2010.0,2010.0,535.3,535.3,535.3,535.3,54.0,54.0,54.0,54.0,4.0,4.0,4.0,4.0,2.1,154.2,157.2,25139.1,66883.8,75122.8,25139.1,73582.2,85099.0
Vermilion,1,1,4.0,6.6,2003.0,2003.0,2003.0,2003.0,177.7,177.7,177.7,177.7,18.0,18.0,18.0,18.0,5.0,5.0,5.0,5.0,0.4,30.9,31.5,2947.6,5833.9,7235.9,2947.6,9410.1,10940.9
Oleum,1,1,207.7,358.9,2002.0,2002.0,2002.0,2002.0,5148.7,5148.7,5148.7,5148.7,499.0,499.0,499.0,499.0,168.0,168.0,168.0,168.0,30.6,2326.3,2371.0,283175.4,444081.4,601735.0,283175.4,652914.5,821816.2
Havelock,1,1,1.3,1.9,1999.0,1999.0,1999.0,1999.0,53.2,53.2,53.2,53.2,150.0,150.0,150.0,150.0,9.0,9.0,9.0,9.0,2.0,154.0,157.0,367.6,2692.0,3103.9,367.6,3174.4,3902.3
Dunnellon,1,1,479.3,722.3,2008.0,2008.0,2008.0,2008.0,19035.1,19035.1,19035.1,19035.1,302.0,302.0,302.0,302.0,1175.0,1175.0,1175.0,1175.0,63.0,4870.1,4963.6,139323.6,1020309.3,1176397.0,139323.6,1203128.0,1479000.0
Glennville,1,1,2.2,2.2,2000.0,2000.0,2000.0,2000.0,377.1,377.1,377.1,377.1,55.0,55.0,55.0,55.0,44.0,44.0,44.0,44.0,0.7,54.3,55.4,1644.9,4765.4,5262.5,1644.9,9005.5,11842.5
Barrow,1,1,1.2,0.7,1979.0,1979.0,1979.0,1979.0,2576.8,2576.8,2576.8,2576.8,337.0,337.0,337.0,337.0,13.0,13.0,13.0,13.0,0.6,47.1,48.0,4861.7,10784.3,12260.7,4861.7,11441.9,13563.7
Tarrytown,1,1,0.5,0.2,1985.0,1985.0,1985.0,1985.0,1308.7,1308.7,1308.7,1308.7,255.0,255.0,255.0,255.0,2.0,2.0,2.0,2.0,1.0,72.5,73.9,5523.3,13060.8,17487.8,5523.3,14262.0,19256.2
Port Isabel,1,1,0.6,0.3,1970.0,1970.0,1970.0,1970.0,1555.4,1555.4,1555.4,1555.4,340.0,340.0,340.0,340.0,4.0,4.0,4.0,4.0,0.7,55.3,56.3,6564.4,15522.8,20784.2,6564.4,16950.5,22886.0
Estero,1,1,12.5,20.6,2015.0,2015.0,2015.0,2015.0,1032.4,1032.4,1032.4,1032.4,172.0,172.0,172.0,172.0,6.0,6.0,6.0,6.0,1.3,95.0,96.8,24662.7,70083.4,83014.3,24662.7,77304.9,90624.7
Noank,1,1,42.2,42.4,1962.0,1962.0,1962.0,1962.0,2898.3,2898.3,2898.3,2898.3,280.0,280.0,280.0,280.0,18.0,18.0,18.0,18.0,6.9,529.3,539.4,295687.6,606686.0,653740.9,295687.6,657954.6,742923.9
Camas,1,1,0.1,0.1,1970.0,1970.0,1970.0,1970.0,378.4,378.4,378.4,378.4,61.0,61.0,61.0,61.0,57.0,57.0,57.0,57.0,0.3,19.8,20.2,1597.2,3776.8,5057.0,1597.2,4124.2,5568.4
Columbia Falls,1,1,0.2,0.3,2010.0,2010.0,2010.0,2010.0,10.1,10.1,10.1,10.1,6.0,6.0,6.0,6.0,28.0,28.0,28.0,28.0,0.1,6.1,6.2,116.8,324.3,504.0,116.8,550.3,713.2
Sarasota,1,1,51.2,6.1,2002.0,2002.0,2002.0,2002.0,567.9,567.9,567.9,567.9,38.0,38.0,38.0,38.0,17.0,17.0,17.0,17.0,13.2,1001.2,1020.4,38126.7,132925.4,127929.8,38126.7,118247.8,106637.7
Roseton,1,1,24.7,34.7,2000.0,2000.0,2000.0,2000.0,3871.3,3871.3,3871.3,3871.3,309.0,309.0,309.0,309.0,4.0,4.0,4.0,4.0,5.4,412.0,419.9,59501.3,174540.0,240702.2,59501.3,238377.1,300566.6
Bellbrook,1,1,6.8,12.3,2002.0,2002.0,2002.0,2002.0,231.2,231.2,231.2,231.2,219.0,219.0,219.0,219.0,10.0,10.0,10.0,10.0,1.0,72.2,73.6,5477.5,10841.0,13446.3,5477.5,17486.5,20331.3
Mcleansville,1,1,1037.7,1980.7,2016.0,2016.0,2016.0,2016.0,6602.5,6602.5,6602.5,6602.5,1167.0,1167.0,1167.0,1167.0,110.0,110.0,110.0,110.0,59.1,4548.6,4635.9,470997.7,793850.2,826442.9,470997.7,1278071.0,1600952.1
Upper Brookville,1,1,337.5,638.8,2009.0,2009.0,2009.0,2009.0,5509.7,5509.7,5509.7,5509.7,469.0,469.0,469.0,469.0,8.0,8.0,8.0,8.0,26.3,2027.7,2066.6,330214.9,695401.1,765778.6,330214.9,811054.2,1013721.6
Harwood,1,1,1.6,2.1,2007.0,2007.0,2007.0,2007.0,101.7,101.7,101.7,101.7,18.0,18.0,18.0,18.0,452.0,452.0,452.0,452.0,5.5,415.7,423.6,1973.8,7656.9,8737.0,1973.8,8264.8,10084.9
Rowlett,1,1,175.5,326.6,2016.0,2016.0,2016.0,2016.0,3070.4,3070.4,3070.4,3070.4,247.0,247.0,247.0,247.0,181.0,181.0,181.0,181.0,15.5,1198.4,1221.5,168800.6,355478.0,391453.9,168800.6,414598.0,518198.4
Tenants Harbour,1,1,16.4,26.1,2005.0,2005.0,2005.0,2005.0,695.7,695.7,695.7,695.7,49.0,49.0,49.0,49.0,5.0,5.0,5.0,5.0,2.7,200.4,204.3,5034.5,36868.9,42509.1,5034.5,43475.0,53443.6
Lenard Harbour,1,1,0.1,0.0,1977.0,1977.0,1977.0,1977.0,184.6,184.6,184.6,184.6,116.0,116.0,116.0,116.0,47.0,47.0,47.0,47.0,0.4,28.9,29.4,256.7,569.5,647.4,256.7,604.2,716.3
Point Roberts,1,1,0.2,0.2,2007.0,2007.0,2007.0,2007.0,538.9,538.9,538.9,538.9,92.0,92.0,92.0,92.0,0.0,0.0,0.0,0.0,0.5,34.0,34.7,5789.6,13690.7,18331.1,5789.6,14949.8,20184.8
Rapidan,1,1,26.9,37.8,2000.0,2000.0,2000.0,2000.0,4214.9,4214.9,4214.9,4214.9,431.0,431.0,431.0,431.0,437.0,437.0,437.0,437.0,6.8,519.9,529.9,64781.5,190028.7,262062.2,64781.5,259530.8,327239.0
Kuluk Bay,1,1,14.4,17.4,1999.0,1999.0,1999.0,1999.0,3197.4,3197.4,3197.4,3197.4,213.0,213.0,213.0,213.0,0.0,0.0,0.0,0.0,5.7,440.1,448.6,51753.1,113083.0,127377.4,51753.1,110285.3,119075.0
Willacoochee,1,1,4.7,8.0,2009.0,2009.0,2009.0,2009.0,160.6,160.6,160.6,160.6,131.0,131.0,131.0,131.0,9.0,9.0,9.0,9.0,1.3,103.9,105.9,1549.2,11345.5,13081.2,1549.2,13378.4,16446.0
Samoa,1,1,183.3,225.4,2007.0,2007.0,2007.0,2007.0,4587.4,4587.4,4587.4,4587.4,354.0,354.0,354.0,354.0,11.0,11.0,11.0,11.0,11.4,881.4,898.4,100567.1,199040.1,246874.0,100567.1,321052.7,373283.4
Mount Vernon,1,1,0.2,0.0,2004.0,2004.0,2004.0,2004.0,680.0,680.0,680.0,680.0,118.0,118.0,118.0,118.0,82.0,82.0,82.0,82.0,0.3,23.0,23.5,1118.9,2278.8,2870.6,1118.9,2602.0,3430.3
Zumbrota,1,1,43.0,50.6,2017.0,2017.0,2017.0,2017.0,1371.1,1371.1,1371.1,1371.1,119.0,119.0,119.0,119.0,16.0,16.0,16.0,16.0,3.8,291.1,296.7,42444.4,152915.0,166003.0,42444.4,153299.9,178950.3
Sturgeon Bay,1,1,168.4,20.6,1974.0,1974.0,1974.0,1974.0,24090.2,24090.2,24090.2,24090.2,4037.0,4037.0,4037.0,4037.0,358.0,358.0,358.0,358.0,77.1,5788.4,5899.6,127968.4,316455.6,388293.1,127968.4,273161.4,248792.7
West Point,1,1,852.4,1644.6,2015.0,2015.0,2015.0,2015.0,9093.6,9093.6,9093.6,9093.6,774.0,774.0,774.0,774.0,595.0,595.0,595.0,595.0,50.2,3882.6,3957.1,369984.7,733901.6,845113.8,369984.7,1048333.1,1210673.3
Golconda,1,1,23.0,41.1,2008.0,2008.0,2008.0,2008.0,769.0,769.0,769.0,769.0,44.0,44.0,44.0,44.0,985.0,985.0,985.0,985.0,4.0,307.5,313.4,18357.8,36333.3,45065.0,18357.8,58605.8,68140.1
Rogers City,1,1,0.1,0.0,1959.0,1959.0,1959.0,1959.0,241.4,241.4,241.4,241.4,109.0,109.0,109.0,109.0,7.0,7.0,7.0,7.0,0.2,13.3,13.6,1035.4,2448.3,3278.2,1035.4,2673.5,3609.7
Alameda,1,1,97.8,162.2,2010.0,2010.0,2010.0,2010.0,5748.4,5748.4,5748.4,5748.4,530.0,530.0,530.0,530.0,289.0,289.0,289.0,289.0,11.2,861.9,878.5,66488.3,184576.4,286868.1,66488.3,313239.5,405981.0
Cairo,1,1,8.9,14.2,2007.0,2007.0,2007.0,2007.0,369.8,369.8,369.8,369.8,49.0,49.0,49.0,49.0,11.0,11.0,11.0,11.0,1.2,91.1,92.8,2739.6,20062.7,23131.9,2739.6,23657.6,29082.1
Poulsbo,1,1,0.0,0.0,1963.0,1963.0,1963.0,1963.0,149.7,149.7,149.7,149.7,41.0,41.0,41.0,41.0,0.0,0.0,0.0,0.0,0.1,8.7,8.8,840.9,1988.4,2662.4,840.9,2171.3,2931.6
Smokey Point,1,1,0.0,0.0,2010.0,2010.0,2010.0,2010.0,104.6,104.6,104.6,104.6,13.0,13.0,13.0,13.0,5.0,5.0,5.0,5.0,0.1,4.7,4.8,44.5,91.4,98.5,44.5,99.1,111.9
Noti,1,1,4.4,7.1,1990.0,1990.0,1990.0,1990.0,2222.6,2222.6,2222.6,2222.6,325.0,325.0,325.0,325.0,148.0,148.0,148.0,148.0,0.2,16.4,16.7,22245.4,63817.8,91710.9,22245.4,72509.8,104287.4
Clute,1,1,68.4,90.1,2000.0,2000.0,2000.0,2000.0,3833.4,3833.4,3833.4,3833.4,253.0,253.0,253.0,253.0,8.0,8.0,8.0,8.0,15.7,1202.5,1225.6,67985.9,196966.1,217513.7,67985.9,372219.9,489478.1
Spencer,1,1,0.7,1.0,1991.0,1991.0,1991.0,1991.0,62.8,62.8,62.8,62.8,66.0,66.0,66.0,66.0,201.0,201.0,201.0,201.0,1.4,105.1,107.2,765.3,2217.1,2448.3,765.3,4189.7,5509.6
Satsop,1,1,145.3,171.9,2010.0,2010.0,2010.0,2010.0,20258.7,20258.7,20258.7,20258.7,1706.0,1706.0,1706.0,1706.0,6.0,6.0,6.0,6.0,37.1,2847.4,2902.1,384366.1,974835.8,1100695.3,384366.1,990618.2,1115592.5
Blairesville,1,1,5.4,6.2,2011.0,2011.0,2011.0,2011.0,1243.9,1243.9,1243.9,1243.9,229.0,229.0,229.0,229.0,31.0,31.0,31.0,31.0,1.8,134.7,137.3,4695.8,13604.5,15023.8,4695.8,25709.4,33808.5
Seldovia,1,1,0.5,0.5,1990.0,1990.0,1990.0,1990.0,1373.7,1373.7,1373.7,1373.7,179.0,179.0,179.0,179.0,0.0,0.0,0.0,0.0,0.9,65.7,67.0,11876.5,28084.3,37603.4,11876.5,30667.2,41405.9
Kahuku,1,1,59.7,102.3,2012.0,2012.0,2012.0,2012.0,1808.9,1808.9,1808.9,1808.9,186.0,186.0,186.0,186.0,158.0,158.0,158.0,158.0,5.1,398.0,405.6,45657.0,90363.3,112079.7,45657.0,145756.5,169469.0
Wood River,1,1,2.6,4.1,2017.0,2017.0,2017.0,2017.0,115.3,115.3,115.3,115.3,19.0,19.0,19.0,19.0,133.0,133.0,133.0,133.0,0.6,46.3,47.1,1846.2,3654.0,4532.2,1846.2,5894.0,6852.8
Bothell,1,1,12.2,19.2,2017.0,2017.0,2017.0,2017.0,535.7,535.7,535.7,535.7,110.0,110.0,110.0,110.0,6.0,6.0,6.0,6.0,0.9,68.1,69.4,8577.1,16975.6,21055.2,8577.1,27381.7,31836.3
Rockland,1,1,0.1,0.1,1993.0,1993.0,1993.0,1993.0,257.3,257.3,257.3,257.3,6.0,6.0,6.0,6.0,29.0,29.0,29.0,29.0,0.1,10.8,11.0,1768.7,3826.4,5087.4,1768.7,3948.6,5627.0
Boca Grande,1,1,6.8,10.8,2010.0,2010.0,2010.0,2010.0,1376.2,1376.2,1376.2,1376.2,2689.0,2689.0,2689.0,2689.0,120.0,120.0,120.0,120.0,8.5,641.5,653.8,18533.6,54366.1,74974.4,18533.6,74250.2,93621.1
Bear Island,1,1,33.8,44.5,2011.0,2011.0,2011.0,2011.0,3390.3,3390.3,3390.3,3390.3,315.0,315.0,315.0,315.0,6.0,6.0,6.0,6.0,5.4,411.9,419.8,16831.0,61455.2,90739.1,16831.0,100703.9,137521.0
Sand Point,1,1,2.4,2.1,2015.0,2015.0,2015.0,2015.0,3294.8,3294.8,3294.8,3294.8,342.0,342.0,342.0,342.0,4.0,4.0,4.0,4.0,7.2,541.9,552.3,54273.1,128339.6,171839.8,54273.1,140143.0,189216.8
John F Kennedy Space Center/Cape Canaveral,1,1,0.3,0.2,1965.0,1965.0,1965.0,1965.0,1263.4,1263.4,1263.4,1263.4,176.0,176.0,176.0,176.0,10.0,10.0,10.0,10.0,1.0,78.2,79.7,5331.9,12608.4,16882.0,5331.9,13768.0,18589.1
Vashon Island,1,1,210.5,390.7,2016.0,2016.0,2016.0,2016.0,4762.9,4762.9,4762.9,4762.9,377.0,377.0,377.0,377.0,96.0,96.0,96.0,96.0,15.0,1156.0,1178.2,79572.1,233567.1,266822.6,79572.1,363608.2,444377.5
Rockport,1,1,3.3,5.1,1978.0,1978.0,1978.0,1978.0,136.2,136.2,136.2,136.2,11.0,11.0,11.0,11.0,21.0,21.0,21.0,21.0,0.7,51.8,52.8,2264.5,4481.8,5558.8,2264.5,7229.1,8405.2
Ravena,1,1,109.9,144.7,2011.0,2011.0,2011.0,2011.0,11418.1,11418.1,11418.1,11418.1,869.0,869.0,869.0,869.0,80.0,80.0,80.0,80.0,22.8,1756.0,1789.8,54664.7,199597.5,294707.1,54664.7,327071.3,446648.0
Kiska,1,1,4.1,1.5,1989.0,1989.0,1989.0,1989.0,2029.6,2029.6,2029.6,2029.6,194.0,194.0,194.0,194.0,22.0,22.0,22.0,22.0,2.9,221.1,225.3,10509.0,21562.1,23234.5,10509.0,23384.2,26404.1
Fort Calhoun,1,1,74.6,141.9,2007.0,2007.0,2007.0,2007.0,1881.7,1881.7,1881.7,1881.7,159.0,159.0,159.0,159.0,22.0,22.0,22.0,22.0,3.8,291.1,296.7,28895.6,84817.0,96893.3,28895.6,132039.8,161370.1
Ten Sleep,1,1,17.0,28.7,2009.0,2009.0,2009.0,2009.0,566.0,566.0,566.0,566.0,49.0,49.0,49.0,49.0,60.0,60.0,60.0,60.0,1.5,112.9,115.1,5531.0,40505.5,46702.1,5531.0,47763.3,58715.2
Lawrence,1,1,118.4,207.5,2003.0,2003.0,2003.0,2003.0,2853.9,2853.9,2853.9,2853.9,248.0,248.0,248.0,248.0,1.0,1.0,1.0,1.0,12.1,934.0,951.9,163743.8,256786.4,347948.2,163743.8,377542.3,475208.3
Port Ludlow,1,1,0.0,0.0,1941.0,1941.0,1941.0,1941.0,52.4,52.4,52.4,52.4,8.0,8.0,8.0,8.0,18.0,18.0,18.0,18.0,0.1,4.9,5.0,63.4,140.7,160.0,63.4,149.3,177.0
Catalina Island,1,1,46.8,62.7,2007.0,2007.0,2007.0,2007.0,2051.2,2051.2,2051.2,2051.2,119.0,119.0,119.0,119.0,0.0,0.0,0.0,0.0,10.6,822.5,838.3,52636.4,189633.7,205864.5,52636.4,190111.0,221920.7
Trinidad Bay,1,1,34.5,42.4,2000.0,2000.0,2000.0,2000.0,633.0,633.0,633.0,633.0,55.0,55.0,55.0,55.0,4.0,4.0,4.0,4.0,2.7,206.2,210.2,33594.3,89379.6,100389.7,33594.3,98330.8,113721.2
San Juan Cannery,1,1,2.4,1.8,1976.0,1976.0,1976.0,1976.0,6554.9,6554.9,6554.9,6554.9,3575.0,3575.0,3575.0,3575.0,67.0,67.0,67.0,67.0,5.9,441.5,449.9,44998.3,106407.4,142473.8,44998.3,116193.6,156881.1
Baraga,1,1,2.9,4.5,1959.0,1959.0,1959.0,1959.0,157.5,157.5,157.5,157.5,41.0,41.0,41.0,41.0,25.0,25.0,25.0,25.0,0.4,29.2,29.8,1845.7,5123.7,7963.3,1845.7,8695.3,11269.8
Uyak,1,1,0.0,0.0,1967.0,1967.0,1967.0,1967.0,84.3,84.3,84.3,84.3,12.0,12.0,12.0,12.0,24.0,24.0,24.0,24.0,0.1,4.0,4.1,283.0,669.3,896.1,283.0,730.8,986.7
Tawas City,1,1,1.5,3.7,1973.0,1973.0,1973.0,1973.0,109.5,109.5,109.5,109.5,12.0,12.0,12.0,12.0,13.0,13.0,13.0,13.0,0.3,23.9,24.3,1500.8,4166.3,6475.3,1500.8,7070.5,9163.9
Cedar River,1,1,0.4,0.1,2003.0,2003.0,2003.0,2003.0,181.9,181.9,181.9,181.9,16.0,16.0,16.0,16.0,7.0,7.0,7.0,7.0,0.2,15.1,15.4,444.2,911.4,982.1,444.2,988.5,1116.1
Bolton Landing,1,1,70.7,126.7,2005.0,2005.0,2005.0,2005.0,2262.6,2262.6,2262.6,2262.6,260.0,260.0,260.0,260.0,2.0,2.0,2.0,2.0,6.5,499.6,509.1,56548.6,111919.7,138816.6,56548.6,180527.0,209896.2
Weybridge,1,1,687.8,1357.0,2007.0,2007.0,2007.0,2007.0,8111.4,8111.4,8111.4,8111.4,696.0,696.0,696.0,696.0,383.0,383.0,383.0,383.0,61.3,4749.2,4840.4,496687.1,935899.9,1054301.8,496687.1,1304281.4,1575594.5
Lake Huntington,1,1,4.4,7.2,1996.0,1996.0,1996.0,1996.0,156.7,156.7,156.7,156.7,137.0,137.0,137.0,137.0,2139.0,2139.0,2139.0,2139.0,21.1,1631.5,1662.8,1395.0,10215.7,11778.6,1395.0,12046.2,14808.3
Cape May,1,1,262.0,480.9,2005.0,2005.0,2005.0,2005.0,4163.4,4163.4,4163.4,4163.4,341.0,341.0,341.0,341.0,18.0,18.0,18.0,18.0,19.1,1463.9,1492.0,248597.8,523523.4,576506.1,248597.8,610591.2,763166.6
Chetek,1,1,2.7,3.8,1996.0,1996.0,1996.0,1996.0,577.9,577.9,577.9,577.9,53.0,53.0,53.0,53.0,274.0,274.0,274.0,274.0,1.1,82.6,84.1,6550.2,19214.2,26497.6,6550.2,26241.7,33087.8
Santa Barbara,1,1,69.2,6.9,2000.0,2000.0,2000.0,2000.0,1127.2,1127.2,1127.2,1127.2,63.0,63.0,63.0,63.0,9.0,9.0,9.0,9.0,22.4,1679.0,1711.3,43259.5,150820.5,145152.4,43259.5,134166.9,120993.9
Point Conception,1,1,788.5,804.1,2012.0,2012.0,2012.0,2012.0,6115.8,6115.8,6115.8,6115.8,377.0,377.0,377.0,377.0,9.0,9.0,9.0,9.0,56.7,4384.5,4468.7,362386.3,1062766.6,1244046.5,362386.3,1332876.1,1573279.1
Port Blakely,1,1,144.5,255.7,2004.0,2004.0,2004.0,2004.0,4912.7,4912.7,4912.7,4912.7,458.0,458.0,458.0,458.0,58.0,58.0,58.0,58.0,8.6,665.6,678.4,114096.3,225816.7,280085.7,114096.3,364243.6,423500.8
Mannsville,1,1,0.1,0.1,1970.0,1970.0,1970.0,1970.0,64.4,64.4,64.4,64.4,8.0,8.0,8.0,8.0,0.0,0.0,0.0,0.0,0.2,11.8,12.0,353.0,724.3,780.5,353.0,785.5,887.0
New Baltimore,1,1,0.1,0.0,1970.0,1970.0,1970.0,1970.0,43.6,43.6,43.6,43.6,8.0,8.0,8.0,8.0,7.0,7.0,7.0,7.0,0.1,6.9,7.1,239.0,490.4,528.4,239.0,531.9,600.5
South Dartmouth,1,1,4.5,6.1,2009.0,2009.0,2009.0,2009.0,469.6,469.6,469.6,469.6,78.0,78.0,78.0,78.0,546.0,546.0,546.0,546.0,3.2,241.1,245.7,2291.1,8365.6,12351.8,2291.1,13708.3,18720.0
Barbers Point,1,1,236.3,415.9,2015.0,2015.0,2015.0,2015.0,6588.4,6588.4,6588.4,6588.4,591.0,591.0,591.0,591.0,241.0,241.0,241.0,241.0,16.5,1274.3,1298.8,84718.4,248672.8,284079.0,84718.4,387124.1,473117.0
Ashland,1,1,44.2,75.6,2015.0,2015.0,2015.0,2015.0,1511.1,1511.1,1511.1,1511.1,122.0,122.0,122.0,122.0,17.0,17.0,17.0,17.0,3.7,290.1,295.7,14572.9,106722.0,123048.4,14572.9,125844.4,154700.0
Sandwich,1,1,3.5,4.8,2016.0,2016.0,2016.0,2016.0,320.5,320.5,320.5,320.5,38.0,38.0,38.0,38.0,2.0,2.0,2.0,2.0,0.9,70.8,72.2,7587.9,14460.1,15976.7,7587.9,20528.7,25189.4
New Iberia,1,1,1.8,0.5,1994.0,1994.0,1994.0,1994.0,4146.3,4146.3,4146.3,4146.3,751.0,751.0,751.0,751.0,2429.0,2429.0,2429.0,2429.0,5.7,428.2,436.4,45029.3,91706.3,115521.6,45029.3,104713.5,138046.9
Bucksport,1,1,9.0,14.2,2007.0,2007.0,2007.0,2007.0,380.1,380.1,380.1,380.1,113.0,113.0,113.0,113.0,13.0,13.0,13.0,13.0,3.0,226.4,230.8,2743.0,20087.6,23160.6,2743.0,23686.9,29118.2
Saint Charles,1,1,0.1,0.2,2018.0,2018.0,2018.0,2018.0,12.7,12.7,12.7,12.7,7.0,7.0,7.0,7.0,0.0,0.0,0.0,0.0,0.1,5.0,5.1,238.3,454.2,501.8,238.3,644.8,791.2
Placida,1,1,1.3,1.1,1976.0,1976.0,1976.0,1976.0,2449.2,2449.2,2449.2,2449.2,351.0,351.0,351.0,351.0,21.0,21.0,21.0,21.0,3.1,229.2,233.6,29025.9,68637.6,91902.0,29025.9,74950.2,101195.5
Logan Township,1,1,0.7,0.6,1976.0,1976.0,1976.0,1976.0,1288.3,1288.3,1288.3,1288.3,123.0,123.0,123.0,123.0,125.0,125.0,125.0,125.0,2.9,215.5,219.6,15267.8,36103.8,48341.0,15267.8,39424.2,53229.4
"Spring Valley, San Diego",1,1,26.9,47.0,2006.0,2006.0,2006.0,2006.0,645.8,645.8,645.8,645.8,310.0,310.0,310.0,310.0,5.0,5.0,5.0,5.0,2.8,218.0,222.2,37075.1,58141.9,78782.8,37075.1,85483.6,107597.2
George Inlet,1,1,0.0,0.0,1980.0,1980.0,1980.0,1980.0,107.6,107.6,107.6,107.6,11.0,11.0,11.0,11.0,9.0,9.0,9.0,9.0,0.1,5.5,5.6,130.2,288.9,328.4,130.2,306.5,363.3
Stockett,1,1,8.0,13.0,2002.0,2002.0,2002.0,2002.0,408.4,408.4,408.4,408.4,35.0,35.0,35.0,35.0,3.0,3.0,3.0,3.0,0.8,63.2,64.4,5348.5,14847.7,23076.2,5348.5,25197.6,32657.9
Manasquan,1,1,94.2,161.2,2007.0,2007.0,2007.0,2007.0,3373.7,3373.7,3373.7,3373.7,298.0,298.0,298.0,298.0,3.0,3.0,3.0,3.0,14.1,1086.4,1107.2,31093.5,227707.1,262541.9,31093.5,268507.6,330075.2
Bronston,1,1,0.2,0.1,1979.0,1979.0,1979.0,1979.0,96.1,96.1,96.1,96.1,10.0,10.0,10.0,10.0,29.0,29.0,29.0,29.0,0.1,5.3,5.4,375.7,1077.8,1548.9,375.7,1224.6,1761.3
New Harbor,1,1,117.3,215.0,2011.0,2011.0,2011.0,2011.0,2627.5,2627.5,2627.5,2627.5,334.0,334.0,334.0,334.0,119.0,119.0,119.0,119.0,10.8,833.7,849.7,43791.0,128539.1,146840.7,43791.0,200104.7,244554.5
Harbor Springs,1,1,10.3,13.3,2008.0,2008.0,2008.0,2008.0,239.5,239.5,239.5,239.5,19.0,19.0,19.0,19.0,8.0,8.0,8.0,8.0,1.3,101.7,103.7,10530.3,28016.5,31467.6,10530.3,30822.3,35646.5
Navarre,1,1,20.7,27.4,2010.0,2010.0,2010.0,2010.0,2145.8,2145.8,2145.8,2145.8,151.0,151.0,151.0,151.0,9.0,9.0,9.0,9.0,5.1,386.5,393.9,10350.8,37793.8,55802.9,10350.8,61931.1,84572.9
Waianae,1,1,0.3,0.3,2001.0,2001.0,2001.0,2001.0,2028.7,2028.7,2028.7,2028.7,268.0,268.0,268.0,268.0,2.0,2.0,2.0,2.0,1.2,91.2,93.0,2454.6,5444.8,6190.1,2454.6,5776.8,6848.0
Casselton,1,1,3.6,1.8,1991.0,1991.0,1991.0,1991.0,629.2,629.2,629.2,629.2,43.0,43.0,43.0,43.0,24.0,24.0,24.0,24.0,2.3,171.2,174.5,12808.5,26280.2,28318.5,12808.5,28501.0,32181.7
Kalaupapa,1,1,2.2,1.5,2018.0,2018.0,2018.0,2018.0,4742.4,4742.4,4742.4,4742.4,451.0,451.0,451.0,451.0,1.0,1.0,1.0,1.0,9.6,720.7,734.6,37967.7,89782.1,120213.4,37967.7,98039.4,132369.8
Yes Bay,1,1,0.0,0.0,1942.0,1942.0,1942.0,1942.0,93.0,93.0,93.0,93.0,14.0,14.0,14.0,14.0,11.0,11.0,11.0,11.0,0.1,5.8,5.9,112.5,249.5,283.6,112.5,264.7,313.8
Rose Inlet,1,1,0.2,0.1,1968.0,1968.0,1968.0,1968.0,230.8,230.8,230.8,230.8,31.0,31.0,31.0,31.0,0.0,0.0,0.0,0.0,0.2,17.0,17.4,620.8,1377.1,1565.6,620.8,1461.0,1732.0
New Castle,1,1,54.6,58.7,2010.0,2010.0,2010.0,2010.0,1659.2,1659.2,1659.2,1659.2,122.0,122.0,122.0,122.0,36.0,36.0,36.0,36.0,8.0,613.3,625.1,49265.6,177489.9,192681.3,49265.6,177936.6,207709.3
