gdp_2018_wb,source_iso_code,source_country,vol_kg,val_usd,vol_kg_recon,val_usd_recon,ene_tj_recon,co2_t_recon,bau_usd_23_recon,bau_usd_30_recon,bau_usd_40_recon,bau_usd_50_recon,s24_usd_23_recon,s24_usd_30_recon,s24_usd_40_recon,s24_usd_50_recon,pct_vol_recon,pct_val_recon,s24_usd_23_recon_del,s24_usd_30_recon_del,s24_usd_40_recon_del,s24_usd_50_recon_del,bau_23_pct_gdp,bau_30_pct_gdp,bau_40_pct_gdp,bau_50_pct_gdp,s24_23_pct_gdp,s24_30_pct_gdp,s24_40_pct_gdp,s24_50_pct_gdp,s24_del_23_pct_gdp,s24_del_30_pct_gdp,s24_del_40_pct_gdp,s24_del_50_pct_gdp
18418860354.4238,004,Afghanistan,321567558.959,169733981.41799998,321567558.959,169733981.41799998,21.672765416092012,1673.5101336151013,796843.0456713145,774233.0385219926,664591.2583847076,635257.479816788,796843.0456713145,886966.5122898959,1096057.1550807182,1159651.249021079,100.0,100.0,0.0,112733.47376790328,431465.8966960106,524393.7692042909,0.00433,0.0042,0.00361,0.00345,0.00433,0.00482,0.00595,0.0063,0.0,0.00061,0.00234,0.00285
15156424061.9815,008,Albania,1821288538.1350002,476690149.85200006,1821288538.1350002,476690149.85200006,332.93051350859383,25637.679541140857,16588780.861194605,16009707.089568848,14518499.137634704,13951952.94587284,16588780.861194605,17711999.34469345,21619603.745619934,22745832.74837642,100.0,100.0,0.0,1702292.2551246006,7101104.60798523,8793879.802503582,0.10945,0.10563,0.09579,0.09205,0.10945,0.11686,0.14264,0.15007,0.0,0.01123,0.04685,0.05802
174910891124.491,012,Algeria,53874374098.228,24891212494.093,53874374098.228,24891212494.093,12532.96578987134,967073.3866398194,539806693.1275615,533735853.7898797,459582816.1566853,446849442.1174921,539806693.1275615,592828055.9996114,712490380.6277729,754568380.5070592,100.0,100.0,0.0,59092202.2097317,252907564.47108763,307718938.38956714,0.30862,0.30515,0.26275,0.25547,0.30862,0.33893,0.40734,0.4314,0.0,0.03378,0.14459,0.17593
639000000.0,016,American Samoa,2035519.855,471875.56700000004,2035519.855,471875.56700000016,0.45883587605355863,35.49213146084031,26544.830234691297,26779.575703771086,22607.368617317134,22549.77439074175,26544.830234691297,30429.691872147912,35175.551299888306,37580.78212326308,100.0,100.0,0.0,3650.116168376826,12568.182682571172,15031.007732521331,0.00415,0.00419,0.00354,0.00353,0.00415,0.00476,0.0055,0.00588,0.0,0.00057,0.00197,0.00235
3218419896.93327,020,Andorra,13067772.785999998,27137642.35,13067772.785999998,27137642.35,10.962948912727107,848.6976226859761,367315.7900008746,365884.8906508099,309756.9410132206,290128.4569841725,367315.7900008746,402794.56665911723,475229.6071469699,492820.3687859524,100.0,100.0,0.0,36909.67600830732,165472.6661337493,202691.91180177988,0.01141,0.01137,0.00962,0.00901,0.01141,0.01252,0.01477,0.01531,0.0,0.00115,0.00514,0.0063
77792944471.9494,024,Angola,15520950271.928999,7013780886.498001,15520950271.928999,7013780886.498001,10294.604595838882,793853.0389677319,502618752.0950801,489012745.39800775,435796393.7107195,423838483.44681364,502618752.0950801,538640632.762438,662553064.0126859,702000588.0139805,100.0,100.0,0.0,49627887.36443031,226756670.30196637,278162104.56716686,0.6461,0.62861,0.5602,0.54483,0.6461,0.6924,0.85169,0.9024,0.0,0.06379,0.29149,0.35757
1604770370.37037,028,Antigua and Barbuda,78467122.13599999,59633176.561,78467122.13599999,59633176.561,23.7425516578579,1810.5849100019607,1010785.8680550302,976054.2086124151,936207.2778823257,918005.5824941363,1010785.8680550302,1081061.3813132765,1318822.379421217,1408624.9164881455,100.0,100.0,0.0,105007.17270086135,382615.1015388912,490619.3339940092,0.06299,0.06082,0.05834,0.0572,0.06299,0.06737,0.08218,0.08778,0.0,0.00654,0.02384,0.03057
47112479289.4186,031,Azerbaijan,21444362166.133,10448913165.737001,21444362166.133,10448913165.737001,5726.015993846473,441814.2030280205,266243738.87039346,264165763.63742065,227442805.61734113,221885084.0200496,266243738.87039346,292028965.50455093,347589608.9301822,369487911.19336957,100.0,100.0,0.0,27863201.86713028,120146803.31284109,147602827.17331997,0.56512,0.56071,0.48277,0.47097,0.56512,0.61985,0.73779,0.78427,0.0,0.05914,0.25502,0.3133
524819898586.906,032,Argentina,41443482208.491,19559617141.561,41443482208.491,19559617141.561,20546.836481323426,1590050.9114438193,1031472583.8350416,1033025845.8227638,873185954.0436457,838903765.8465182,1031472583.8350416,1142779519.894264,1344675714.7159545,1412158639.0582762,100.0,100.0,0.0,109753674.07150018,471489760.6723088,573254873.211758,0.19654,0.19683,0.16638,0.15985,0.19654,0.21775,0.25622,0.26907,0.0,0.02091,0.08984,0.10923
1428266513154.48,036,Australia,147469473973.11,57849292617.993996,147469473973.11,57849292617.993996,57157.16977414892,4425427.100455097,2227493216.173654,2175567510.5786843,1869699394.8443835,1771115857.3776677,2227493216.173654,2540374037.332658,3117516380.7094297,3257082585.028468,100.0,100.0,0.0,364806526.7539735,1247816985.8650463,1485966727.6508005,0.15596,0.15232,0.13091,0.124,0.15596,0.17786,0.21827,0.22804,0.0,0.02554,0.08737,0.10404
454991174096.094,040,Austria,24496927025.433,45451897306.353,24496927025.433,45451897306.353004,8408.364767681018,646451.3433477035,358526015.7631043,335686061.3888471,305817825.98437524,299572227.32508403,358526015.7631043,392048258.982482,497589645.4344115,529376841.43838704,100.0,100.0,0.0,56362197.5936349,191771819.4500363,229804614.113303,0.0788,0.07378,0.06721,0.06584,0.0788,0.08617,0.10936,0.11635,0.0,0.01239,0.04215,0.05051
12653600000.0,044,Bahamas,3751684129.2510004,526989648.37100005,3751684129.2510004,526989648.37100005,490.0491779497363,37366.08603773809,16020479.102965543,14811078.38375128,13440168.009379651,13025103.643967725,16020479.102965543,17516187.34294298,22872368.68893448,24114184.879527908,100.0,100.0,0.0,2705108.9591916986,9432200.679554828,11089081.235560182,0.12661,0.11705,0.10622,0.10294,0.12661,0.13843,0.18076,0.19057,0.0,0.02138,0.07454,0.08764
37802005319.1489,048,Bahrain,7594007815.129,3641703575.488,7594007815.129,3641703575.488,1075.5416632407973,83115.27573091195,47277425.96393995,46045225.59019997,40771826.50005622,39458179.842926696,47277425.96393995,51139183.33540907,63482115.02033683,67148139.93740934,100.0,100.0,0.0,5093957.745209098,22710288.520280607,27689960.094482645,0.12507,0.12181,0.10786,0.10438,0.12507,0.13528,0.16793,0.17763,0.0,0.01348,0.06008,0.07325
321379163135.647,050,Bangladesh,367972019.793,402964900.695,367972019.793,402964900.695,148.60698868350642,11393.95588336756,6968241.579834025,6686814.6912479075,6230579.338204176,5995362.942210122,6968241.579834025,7676116.343336517,9586233.137420226,10037560.51176455,100.0,100.0,0.0,989301.6520886095,3355653.7992160497,4042197.5695544286,0.00217,0.00208,0.00194,0.00187,0.00217,0.00239,0.00298,0.00312,0.0,0.00031,0.00104,0.00126
12457940705.3088,051,Armenia,216756277.47100002,378384948.228,216756277.47100002,378384948.228,37.98666840907027,2927.2773050427527,1397622.206207066,1323794.4645139244,1189868.5390084537,1145593.893490702,1397622.206207066,1551125.7674115752,1996164.5618398716,2107386.7608008776,100.0,100.0,0.0,227331.30289765075,806296.0228314179,961792.8673101757,0.01122,0.01063,0.00955,0.0092,0.01122,0.01245,0.01602,0.01692,0.0,0.00182,0.00647,0.00772
5097283200.0,052,Barbados,496395133.807,171729738.40399998,496395133.807,171729738.404,126.69007556392539,9681.093368668226,6046997.846010038,5811714.144703625,5545098.476145101,5502625.419660039,6046997.846010038,6756280.900015782,8426489.283343663,8883579.771968938,100.0,100.0,0.0,944566.7553121569,2881390.8071985627,3380954.352308899,0.11863,0.11402,0.10879,0.10795,0.11863,0.13255,0.16531,0.17428,0.0,0.01853,0.05653,0.06633
543299066998.892,056,Belgium,118296051088.46599,118015933417.502,118296051088.46599,118015933417.502,22562.655861666106,1722626.0359798432,838955141.821185,799940204.6582298,725532130.7343394,704519557.6342723,838955141.821185,900306544.4556133,1133436017.77381,1201538327.563338,100.0,100.0,0.0,100366339.79738343,407903887.03947055,497018769.9290657,0.15442,0.14724,0.13354,0.12967,0.15442,0.16571,0.20862,0.22116,0.0,0.01847,0.07508,0.09148
7225977000.0,060,Bermuda,1735177.863,3536459.266,1735177.863,3536459.266,0.515916207363059,39.3120221524381,16728.779635337283,15515.392470997833,15159.72949855619,15080.284593055738,16728.779635337283,18957.324378108748,24470.902635110648,25757.900939359217,100.0,100.0,0.0,3441.931907110915,9311.173136554458,10677.616346303479,0.00023,0.00021,0.00021,0.00021,0.00023,0.00026,0.00034,0.00036,0.0,5e-05,0.00013,0.00015
2446867582.27133,064,Bhutan,332053101.121,100653154.97,332053101.121,100653154.97,29.348131247330738,2267.2540082472583,1322521.8729456102,1304316.5098027654,1113859.9435536382,1079312.2533230528,1322521.8729456102,1494272.153079518,1794507.0797396037,1899696.6015780359,100.0,100.0,0.0,189955.64327675244,680647.1361859655,820384.3482549831,0.05405,0.05331,0.04552,0.04411,0.05405,0.06107,0.07334,0.07764,0.0,0.00776,0.02782,0.03353
40287647930.5355,068,Bolivia (Plurinational State of),4365476936.19,2395950342.7860003,4365476936.19,2395950342.7860003,1005.581436195663,77732.78058708264,41668280.586421356,41726213.62024166,35079843.61661929,33993046.93636,41668280.586421356,47814865.64773488,56697037.16875672,59740785.80586189,100.0,100.0,0.0,6088652.027493224,21617193.552137434,25747738.86950189,0.10343,0.10357,0.08707,0.08438,0.10343,0.11868,0.14073,0.14829,0.0,0.01511,0.05366,0.06391
20484048415.5019,070,Bosnia and Herzegovina,2235943279.261,1149918028.696,2235943279.261,1149918028.696,251.05371259632415,19244.479024912496,13358789.458428705,12789711.080194829,11755918.431799516,11445051.681148466,13358789.458428705,14407102.392677458,17312038.111709118,18363742.497941315,100.0,100.0,0.0,1617391.312482629,5556119.679909602,6918690.816792849,0.06522,0.06244,0.05739,0.05587,0.06522,0.07033,0.08451,0.08965,0.0,0.0079,0.02712,0.03378
17031943186.1353,072,Botswana,38490753.981,89430528.718,38490753.981,89430528.718,9.519164227243467,735.6582460377334,306246.4267243547,282762.6265402714,257408.0108134334,247418.97136518962,306246.4267243547,338777.3225279534,447230.4609920213,470853.8200761685,100.0,100.0,0.0,56014.69598768203,189822.45017858793,223434.8487109789,0.0018,0.00166,0.00151,0.00145,0.0018,0.00199,0.00263,0.00276,0.0,0.00033,0.00111,0.00131
1916933708404.16,076,Brazil,168590527558.656,80399858281.249,168590527558.656,80399858281.249,89844.24145010256,6949561.692579349,3659591120.466453,3613480339.9642153,3116150781.0737014,2928861522.3778114,3659591120.466453,4150216226.61205,5072609233.651498,5325592095.516697,100.0,100.0,0.0,536735886.6478348,1956458452.5777965,2396730573.1388855,0.19091,0.1885,0.16256,0.15279,0.19091,0.2165,0.26462,0.27782,0.0,0.028,0.10206,0.12503
2315000000.0,084,Belize,203612140.33699998,88866347.728,203612140.33699998,88866347.728,106.66789950943483,8184.508806973842,6861007.313493029,6869470.08148281,5797751.8859130265,5874094.961403195,6861007.313493029,7549205.469790057,8736661.804890784,9626788.259460567,100.0,100.0,0.0,679735.3883072473,2938909.918977757,3752693.2980573718,0.29637,0.29674,0.25044,0.25374,0.29637,0.3261,0.37739,0.41584,0.0,0.02936,0.12695,0.1621
1615478421.45974,090,Solomon Islands,3013240067.4379997,501768988.85200006,3013240067.4379997,501768988.85200006,2105.4364361563803,162134.25000295253,89072615.81984797,83987054.60893834,77076764.78667271,73044824.10753174,89072615.81984797,96308367.2424455,129632737.25436696,137678477.54507557,100.0,100.0,0.0,12321312.633507162,52555972.46769425,64633653.437543824,5.5137,5.1989,4.77114,4.52156,5.5137,5.9616,8.02442,8.52246,0.0,0.7627,3.25328,4.0009
,092,British Virgin Islands,736704.973,6596542.436,736704.973,6596542.436,0.2765899096934196,21.15245169306823,9789.547301480143,9206.261534381327,8797.291273233093,8729.2324864614,9789.547301480143,11079.01591680109,14189.141206440716,15020.654555050518,100.0,100.0,0.0,1872.7543824197637,5391.849933207623,6291.422068589118,,,,,,,,,,,,
13567164444.9707,096,Brunei Darussalam,9198268588.088001,4031464806.9589996,9198268588.088001,4031464806.9589996,3343.510869869052,257153.11895127187,178328049.42381424,175054441.82015815,157812245.60554397,158020383.0410012,178328049.42381424,197365904.505887,238272676.35296264,256410460.91049054,100.0,100.0,0.0,22311462.685728848,80460430.74741867,98390077.86948934,1.31441,1.29028,1.16319,1.16473,1.31441,1.45473,1.75625,1.88993,0.0,0.16445,0.59305,0.72521
66399602077.1693,100,Bulgaria,7771098103.849999,3156099055.52,7771098103.849999,3156099055.52,1405.7452522473216,108229.52451808493,63001335.80931636,62960155.83572799,53862161.60514799,53034197.88419087,63001335.80931636,70642498.69701481,83020109.94238697,88729076.49820279,100.0,100.0,0.0,7682342.861286819,29157948.337238982,35694878.61401191,0.09488,0.09482,0.08112,0.07987,0.09488,0.10639,0.12503,0.13363,0.0,0.01157,0.04391,0.05376
67144726167.9294,104,Myanmar,5112919621.529,2189800659.146,5112919621.529,2189800659.1460004,2086.2178181932586,161158.2897987812,103417569.5651014,104524592.65531412,88505532.68097357,86579051.90657006,103417569.5651014,118567603.7118724,138422806.09624237,146560350.12490383,100.0,100.0,0.0,14043011.056558281,49917273.41526879,59981298.218333766,0.15402,0.15567,0.13181,0.12894,0.15402,0.17659,0.20616,0.21828,0.0,0.02091,0.07434,0.08933
2667182198.97925,108,Burundi,7476475.937000001,9960530.196,7476475.937,9960530.196,1.235986517124624,95.2824623997682,35700.628454551326,32376.857209354417,29463.122508715427,28348.935313671493,35700.628454551326,39580.64805080795,52310.176162805634,55266.6616816219,100.0,100.0,0.0,7203.79084145353,22847.053654090207,26917.72636795041,0.00134,0.00121,0.0011,0.00106,0.00134,0.00148,0.00196,0.00207,0.0,0.00027,0.00086,0.00101
60031163987.191,112,Belarus,17724341243.731003,9913954151.765001,17724341243.731003,9913954151.765001,3883.304151846047,297047.1887499605,164993672.3132738,164860021.93309128,139894483.44298458,134352203.27086258,164993672.3132738,185219562.0626934,218647024.5923637,229666194.10779065,100.0,100.0,0.0,20359540.129602104,78752541.1493791,95313990.83692807,0.27485,0.27462,0.23304,0.2238,0.27485,0.30854,0.36422,0.38258,0.0,0.03391,0.13119,0.15877
24571753581.7841,116,Cambodia,709482298.488,753218306.653,709482298.488,753218306.653,155.73524793507843,11989.471699059834,5889034.530110131,5741395.84962556,5069421.193262809,4848783.120859237,5889034.530110131,6581292.536883786,8198141.836882407,8624897.27778483,100.0,100.0,0.0,839896.6872582259,3128720.643619598,3776114.1569255926,0.02397,0.02337,0.02063,0.01973,0.02397,0.02678,0.03336,0.0351,0.0,0.00342,0.01273,0.01537
39973842058.565,120,Cameroon,2114698801.2889998,1193836990.247,2114698801.2889998,1193836990.247,448.0140461071933,34642.90394808783,19177739.444292597,18317175.758717023,16084652.991480146,15648201.635589778,19177739.444292597,21094712.55349982,26311909.508241612,27869218.149430092,100.0,100.0,0.0,2777536.7947827987,10227256.516761467,12221016.513840314,0.04798,0.04582,0.04024,0.03915,0.04798,0.05277,0.06582,0.06972,0.0,0.00695,0.02558,0.03057
1725297938435.76,124,Canada,263307974660.471,202208837169.821,263307974660.471,202208837169.821,52611.2400135221,4026498.193705447,2120932039.236242,2069173289.5026667,1768456667.0841432,1698344773.490265,2120932039.236242,2358746220.1795945,2870886184.1840935,3023112608.0692286,100.0,100.0,0.0,289572930.6769278,1102429517.0999503,1324767834.5789638,0.12293,0.11993,0.1025,0.09844,0.12293,0.13672,0.1664,0.17522,0.0,0.01678,0.0639,0.07678
2205099509.15921,132,Cabo Verde,24341939.877,81174081.31400001,24341939.877,81174081.31400001,8.75310173372907,672.3981578272135,399706.9476906692,372978.2768964815,359818.27524869697,354650.4931921183,399706.9476906692,453809.7983689144,594020.0790807385,624720.3482707113,100.0,100.0,0.0,80831.52147243288,234201.8038320415,270069.85507859295,0.01813,0.01691,0.01632,0.01608,0.01813,0.02058,0.02694,0.02833,0.0,0.00367,0.01062,0.01225
5530178498.90783,136,Cayman Islands,3691212.937,12709721.367,3691212.937,12709721.367,1.1697978334642185,88.68259425073678,71182.70385580814,64464.60254816686,62024.916633872504,61028.72302647543,71182.70385580814,74776.60706324645,92580.90265447518,101255.78146591953,100.0,100.0,0.0,10312.004515079592,30555.98602060268,40227.058439444096,0.00129,0.00117,0.00112,0.0011,0.00129,0.00135,0.00167,0.00183,0.0,0.00019,0.00055,0.00073
2220979144.52008,140,Central African Republic,11757562.586,8480367.255,11757562.586,8480367.255,6.982215956037545,540.623624441786,256781.62196960975,222706.590720345,206163.85469010085,197661.23590097096,256781.62196960975,282984.59540725715,386317.007081844,406492.34023541264,100.0,100.0,0.0,60278.00468691214,180153.15239174318,208831.10433444168,0.01156,0.01003,0.00928,0.0089,0.01156,0.01274,0.01739,0.0183,0.0,0.00271,0.00811,0.0094
94493871351.4217,144,Sri Lanka,1140976929.017,2777451164.7850003,1140976929.017,2777451164.7850003,655.2869285350212,50682.25820175977,19269386.836882975,17094877.11344583,15491199.333205054,14789064.708866863,19269386.836882975,21144972.372007057,28062284.495706752,29433783.02403704,100.0,100.0,0.0,4050095.2585612275,12571085.162501698,14644718.315170178,0.02039,0.01809,0.01639,0.01565,0.02039,0.02238,0.0297,0.03115,0.0,0.00429,0.0133,0.0155
11239167890.2816,148,Chad,1692342499.6080005,676894105.549,1692342499.608,676894105.5490001,715.6925063848427,55232.67994426494,35705063.61994136,34175657.56745882,30571523.249260873,29191493.013753098,35705063.61994136,37010884.77738511,47283263.16722879,49516612.0243869,100.0,100.0,0.0,2835227.209926285,16711739.917967916,20325119.0106338,0.31768,0.30408,0.27201,0.25973,0.31768,0.3293,0.4207,0.44057,0.0,0.02523,0.14869,0.18084
295402646018.151,152,Chile,20255753800.733,25347604500.09,20255753800.733,25347604500.09,15227.247969634707,1178025.9414441304,535877949.56878996,509775499.3497994,434979515.06183636,419541185.8803293,535877949.56878996,596478464.3480009,747696803.3578342,792341124.6595219,100.0,100.0,0.0,86702964.99820149,312717288.29599786,372799938.7791926,0.18141,0.17257,0.14725,0.14202,0.18141,0.20192,0.25311,0.26822,0.0,0.02935,0.10586,0.1262
13894907485398.9,156,China,301164134294.76196,647098944590.709,301164134294.76196,647098944590.709,138849.54716708855,10735742.193251036,4445647589.955778,4222690702.0947905,3714211336.8763623,3545888479.6684775,4445647589.955778,4981607822.329715,6393864383.658305,6747661892.935107,100.0,100.0,0.0,758917120.2349243,2679653046.781943,3201773413.2666297,0.03199,0.03039,0.02673,0.02552,0.03199,0.03585,0.04602,0.04856,0.0,0.00546,0.01929,0.02304
,162,Christmas Island,50939550.375,5310610.637,50939550.375,5310610.637,11.870208012251505,911.6672248600477,884076.9535968625,891252.6494200209,740288.6473240271,751494.2150676735,884076.9535968625,969265.235466256,1107821.3121439195,1227843.0536668098,100.0,100.0,0.0,78012.58604623517,367532.6648198924,476348.83859913633,,,,,,,,,,,,
334198218100.716,170,Colombia,71314496701.548,25170352850.342,71314496701.548,25170352850.342,25537.428026165624,1975150.960152744,1017533502.013949,1024442590.5924132,857773571.5939609,825314688.8485533,1017533502.013949,1192069312.4295013,1419761659.4865057,1487497962.280193,100.0,100.0,0.0,167626721.8370881,561988087.8925449,662183273.4316398,0.30447,0.30654,0.25667,0.24695,0.30447,0.3567,0.42483,0.44509,0.0,0.05016,0.16816,0.19814
1188797449.96036,174,Comoros,3544939.0510000004,5811314.365,3544939.0510000004,5811314.365,0.9906026076932767,75.97848141512631,37234.494146236124,35070.373021227715,32238.045136978086,30117.47253287203,37234.494146236124,40236.53324231976,54262.8000945826,57073.580241907395,100.0,100.0,0.0,5166.160221092046,22024.754957604513,26956.107709035365,0.00313,0.00295,0.00271,0.00253,0.00313,0.00338,0.00456,0.0048,0.0,0.00043,0.00185,0.00227
47568210020.9338,180,"Congo, Dem. Rep. of the",757769338.966,952082081.092,757769338.966,952082081.092,268.64866326239405,20793.452877966876,13371348.832164573,13402871.584206572,11281407.894640166,10965545.076758897,13371348.832164573,15456281.01588312,18342746.38847481,19329148.26320385,100.0,100.0,0.0,2053409.431676548,7061338.493834645,8363603.186444951,0.02811,0.02818,0.02372,0.02305,0.02811,0.03249,0.03856,0.04063,0.0,0.00432,0.01484,0.01758
,184,Cook Islands,519825.163,66516.317,519825.163,66516.31700000001,0.2869886702282893,22.074666682795783,25319.191369488333,24626.217922476506,21901.308049692445,22070.88413841678,25319.191369488333,27166.05208626048,32076.51937634227,34900.67460961845,100.0,100.0,0.0,2539.834163783973,10175.211326649824,12829.790471201672,,,,,,,,,,,,
62420164964.6987,188,Costa Rica,3508140164.971,5629129896.910999,3508140164.971,5629129896.910999,2505.0051522853432,193395.21407747004,73074421.80145381,66748967.25931202,64289209.19982465,60075212.44890446,73074421.80145381,80038766.87811662,114984883.28295402,120387149.89690737,100.0,100.0,0.0,13289799.618804604,50695674.08312937,60311937.44800291,0.11707,0.10693,0.10299,0.09624,0.11707,0.12823,0.18421,0.19287,0.0,0.02129,0.08122,0.09662
61330483609.8835,191,Croatia,4407740037.473,2578606314.196,4407740037.473,2578606314.196,538.6197489698585,41275.42274483379,30438195.914670996,29330020.85320472,26757289.689884905,26018012.221320324,30438195.914670996,32802424.52409975,39035408.815625705,41475273.37217977,100.0,100.0,0.0,3472403.670895029,12278119.1257408,15457261.150859445,0.04963,0.04782,0.04363,0.04242,0.04963,0.05348,0.06365,0.06763,0.0,0.00566,0.02002,0.0252
100050000000.0,192,Cuba,790552455.6,458010635.238,790552455.6,458010635.238,610.4711771604999,47185.84860098008,27706817.044859145,27468295.142188225,23569150.978409752,23214683.337089904,27706817.044859145,31275342.42181757,37861296.72793278,40615068.31046817,100.0,100.0,0.0,3807047.279629346,14292145.749523029,17400384.973378263,0.02769,0.02745,0.02356,0.0232,0.02769,0.03126,0.03784,0.04059,0.0,0.00381,0.01429,0.01739
25597301190.678,196,Cyprus,2431749495.465,1152256208.287,2431749495.465,1152256208.287,408.3889408590069,31515.851081895882,13284585.90021025,12593223.49231874,11474264.593592053,11152863.585916871,13284585.90021025,14085726.543488724,17860620.811422583,18961369.590230983,100.0,100.0,0.0,1492503.051169984,6386356.217830529,7808506.004314112,0.0519,0.0492,0.04483,0.04357,0.0519,0.05503,0.06978,0.07408,0.0,0.00583,0.02495,0.03051
249000540729.179,203,Czechia,17375787519.604,45446891860.638,17375787519.604,45446891860.638,2175.9597904090847,166200.88315630483,77651751.97726646,72763372.90917505,67351136.72539033,65109067.71571142,77651751.97726646,84806828.6398013,108222760.18747611,114117297.2297085,100.0,100.0,0.0,12043455.73062624,40871623.46208578,49008229.51399707,0.03119,0.02922,0.02705,0.02615,0.03119,0.03406,0.04346,0.04583,0.0,0.00484,0.01641,0.01968
14262408079.7005,204,Benin,166910778.743,84327083.75700001,166910778.743,84327083.75700001,20.335309349765755,1573.1198916326007,664825.5445798241,662627.4769021675,562923.093333629,552143.3411334289,664825.5445798241,753197.3052458502,901239.5517273692,953341.9695755442,100.0,100.0,0.0,90569.82834368269,338316.45839374023,401198.6284421154,0.00466,0.00465,0.00395,0.00387,0.00466,0.00528,0.00632,0.00668,0.0,0.00064,0.00237,0.00281
356841216410.068,208,Denmark,11595264089.798,21495151786.976,11595264089.798,21495151786.976,3290.7163478847597,249646.80481669024,130941173.1344738,126533537.06170225,113649785.95070599,109682456.18840359,130941173.1344738,143831687.34883115,178866564.02448112,189387249.54937404,100.0,100.0,0.0,17298150.287128896,65216778.07377513,79704793.36097045,0.03669,0.03546,0.03185,0.03074,0.03669,0.04031,0.05012,0.05307,0.0,0.00485,0.01828,0.02234
554770370.37037,212,Dominica,4389685.634,12271969.002,4389685.634,12271969.002,1.1695934817007005,90.06854861021476,56887.9054875806,52730.283439295155,51840.03833094598,51581.82715643551,56887.9054875806,64994.301400550525,84772.61646497679,89031.8012860831,100.0,100.0,0.0,12264.01796125537,32932.57813403081,37449.974129647584,0.01025,0.0095,0.00934,0.0093,0.01025,0.01172,0.01528,0.01605,0.0,0.00221,0.00594,0.00675
85555390385.9812,214,Dominican Republic,1114663115.85,2444180764.226,1114663115.85,2444180764.226,365.1786283654237,28147.90448962862,12324605.477038972,11217085.462345807,10238917.38524462,9869686.68416506,12324605.477038972,13545864.090934196,17872558.250255745,18886290.947656352,100.0,100.0,0.0,2328778.6285883896,7633640.865011126,9016604.263491292,0.01441,0.01311,0.01197,0.01154,0.01441,0.01583,0.02089,0.02207,0.0,0.00272,0.00892,0.01054
107562008000.0,218,Ecuador,16643950701.742,9153402102.955,16643950701.742,9153402102.955,6396.205085787193,493754.7780216502,267896669.21369305,261014830.30772373,228537846.7595707,220613734.5987611,267896669.21369305,294596608.7573471,365497590.94048357,384224201.8556939,100.0,100.0,0.0,33581778.449623376,136959744.18091288,163610467.25693277,0.24906,0.24266,0.21247,0.2051,0.24906,0.27389,0.3398,0.35721,0.0,0.03122,0.12733,0.15211
26020850000.0,222,El Salvador,1105624333.94,806776338.5519999,1105624333.94,806776338.5519999,257.93634768242714,19933.022543025563,11839293.7568065,11951684.38374777,9995410.585472355,9643384.739461044,11839293.7568065,13487253.425559506,15845286.287213428,16682442.566295637,100.0,100.0,0.0,1535569.0418117363,5849875.701741073,7039057.826834593,0.0455,0.04593,0.03841,0.03706,0.0455,0.05183,0.06089,0.06411,0.0,0.0059,0.02248,0.02705
13097012124.2261,226,Equatorial Guinea,6845801814.802001,3262740155.982,6845801814.802001,3262740155.982,6651.1985429721035,510494.5490585745,364622797.1392408,361126056.4445498,307390305.16071796,306564063.92065114,364622797.1392408,391527123.2883711,464808909.70870227,506863625.1392022,100.0,100.0,0.0,30401066.843821287,157418604.5479843,200299561.21855104,2.78402,2.75732,2.34703,2.34072,2.78402,2.98944,3.54897,3.87007,0.0,0.23212,1.20194,1.52935
84269196152.0333,231,Ethiopia,220194355.50800002,313377725.899,220194355.50800002,313377725.899,49.53772758403762,3832.5015340370824,2444956.7441015127,2453469.476173274,2046572.5385123098,2011112.660649372,2444956.7441015127,2852363.3194221486,3358244.513765401,3551135.34197264,100.0,100.0,0.0,398893.8432488744,1311671.9752530914,1540022.6813232678,0.0029,0.00291,0.00243,0.00239,0.0029,0.00338,0.00399,0.00421,0.0,0.00047,0.00156,0.00183
,232,Eritrea,33501.037,63564.514,33501.037,63564.513999999996,0.003374995389305,0.257244837287833,126.6211955224848,116.70134121300242,110.68031387920752,103.351330301106,126.6211955224848,136.251619984017,192.5408126790462,203.2393145994841,100.0,100.0,0.0,19.550278771014575,81.8604987998387,99.88798429837809,,,,,,,,,,,,
30624720196.2285,233,Estonia,5077848977.681,3760897828.37,5077848977.681,3760897828.37,1266.0009608625796,95986.20471475985,51108421.925632596,49312065.48055636,43692988.05892712,41731572.48857385,51108421.925632596,55536652.73019545,69692080.96459226,73294935.14202577,100.0,100.0,0.0,6224587.249639086,25999092.905665144,31563362.65345192,0.16689,0.16102,0.14267,0.13627,0.16689,0.18135,0.22757,0.23933,0.0,0.02033,0.0849,0.10306
3188601035.1907,234,Faroe Islands,133691522.142,284079555.332,133691522.142,284079555.332,37.451174435950406,2829.9146289812347,1257102.5530152123,1159060.0595054713,1105496.3552203486,1059197.1114562312,1257102.5530152123,1358244.3741722293,1815407.2449678308,1927169.4062930038,100.0,100.0,0.0,199184.31466675806,709910.8897474823,867972.2948367726,0.03942,0.03635,0.03467,0.03322,0.03942,0.0426,0.05693,0.06044,0.0,0.00625,0.02226,0.02722
,238,Falkland Islands (Malvinas),5274.0,25594.874,5274.0,25594.874,0.0004467611208132,0.0335437038249935,1134.214270643209,1018.052633821931,967.9902656880244,945.6173010955068,1134.214270643209,1146.1766731064647,1385.61669117954,1546.269823940136,100.0,100.0,0.0,128.12403928453375,417.62642549151576,600.6525228446291,,,,,,,,,,,,
5581425890.96651,242,Fiji,479305426.649,308051221.19,479305426.649,308051221.19,255.92855909393066,19782.272935200832,8765432.575215267,8070457.953776707,7707338.363151785,7248613.14771637,8765432.575215267,9757072.37627804,13864200.556596108,14490683.229664855,100.0,100.0,0.0,1686614.422501334,6156862.193444323,7242070.081948484,0.15705,0.14459,0.13809,0.12987,0.15705,0.17481,0.2484,0.25962,0.0,0.03022,0.11031,0.12975
275708001767.838,246,Finland,17002033845.297,18269390814.865,17002033845.297,18269390814.865,5923.249227498968,447269.3407422068,255533546.70218444,244118111.04464662,222392728.32524914,216446880.94678926,255533546.70218444,275625916.9353943,345019455.6198817,368229114.250324,100.0,100.0,0.0,31507805.890747666,122626727.29463255,151782233.30353475,0.09268,0.08854,0.08066,0.07851,0.09268,0.09997,0.12514,0.13356,0.0,0.01143,0.04448,0.05505
2790956878746.61,250,France,81814724357.811,165810859911.27,81814724357.811,165810859911.27,14327.0672829458,1097471.220980603,586465654.2288653,557762422.4570073,503263147.55373985,484422339.07282543,586465654.2288653,636649894.8487042,794842961.5012811,843132878.6449734,100.0,100.0,0.0,78887472.39169693,291579813.9475413,358710539.57214797,0.02101,0.01998,0.01803,0.01736,0.02101,0.02281,0.02848,0.03021,0.0,0.00283,0.01045,0.01285
6135116260.64814,258,French Polynesia,11523301.03,24446209.981,11523301.03,24446209.981,6.352464731251014,490.3366603994238,324481.16779253125,301094.9621228578,286599.482546847,281053.33637488243,324481.16779253125,365466.3543260625,482142.2619301354,508740.674128792,100.0,100.0,0.0,64371.39220320468,195542.7793832884,227687.33775390958,0.00529,0.00491,0.00467,0.00458,0.00529,0.00596,0.00786,0.00829,0.0,0.00105,0.00319,0.00371
2913466732.12507,262,Djibouti,14574465.884000001,8963687.956,14574465.884000001,8963687.956,3.5227956226891397,272.6757564341939,137122.53775109965,129863.25091600617,112046.89174148862,109446.53695874845,137122.53775109965,154040.81571395215,193824.8411616568,206377.1395740609,100.0,100.0,0.0,24177.564797945975,81777.94942016818,96930.60261531244,0.00471,0.00446,0.00385,0.00376,0.00471,0.00529,0.00665,0.00708,0.0,0.00083,0.00281,0.00333
16867326389.8696,266,Gabon,4702975378.999,1902126965.889,4702975378.999,1902126965.8890002,1483.7453876494187,114827.49772475661,85142611.44700527,87749766.56694686,71765599.85880761,70942475.97632618,85142611.44700527,101116758.50881203,115718797.03529875,122205699.32672097,100.0,100.0,0.0,13366991.941865161,43953197.17649114,51263223.350394785,0.50478,0.52024,0.42547,0.42059,0.50478,0.59948,0.68605,0.72451,0.0,0.07925,0.26058,0.30392
17596922469.9152,268,Georgia,647650796.223,414549117.71999997,647650796.223,414549117.71999997,84.00689958045135,6440.367956955163,4157317.648585158,4014566.617051536,3616075.1264363327,3535190.933059838,4157317.648585158,4490121.139735437,5511645.887269896,5917012.148437525,100.0,100.0,0.0,475554.5226839008,1895570.7608335637,2381821.215377687,0.02363,0.02281,0.02055,0.02009,0.02363,0.02552,0.03132,0.03363,0.0,0.0027,0.01077,0.01354
1670671340.37966,270,Gambia,10716153.665,12159064.34,10716153.665,12159064.34,1.4419612410897558,110.24113669753982,30272.182789011644,29158.503360673953,26349.9790213167,25768.952829122205,30272.182789011644,32909.12504631539,41823.51040642062,44737.99372186232,100.0,100.0,0.0,3750.6216856414394,15473.531385103917,18969.04089274012,0.00181,0.00175,0.00158,0.00154,0.00181,0.00197,0.0025,0.00268,0.0,0.00022,0.00093,0.00114
3974443355019.53,276,Germany,155054536005.839,437113564792.672,155054536005.839,437113564792.672,45141.33208850655,3454846.3196726628,1967982814.3491724,1902389233.4903076,1825574602.0015419,1808598044.3732464,1967982814.3491724,2160304328.210884,2749347158.1363254,2895854775.0742617,100.0,100.0,0.0,257915094.72057652,923772556.1347835,1087256730.7010152,0.04952,0.04787,0.04593,0.04551,0.04952,0.05435,0.06918,0.07286,0.0,0.00649,0.02324,0.02736
67298913752.0241,288,Ghana,5736546264.061,2427897849.297,5736546264.061,2427897849.297,3165.617850845748,244940.91289192453,114095605.98300408,114045527.34337606,96251636.34634866,92674781.3246472,114095605.98300408,131960134.00084987,159406816.62949947,167268621.22831723,100.0,100.0,0.0,17914606.657473817,63155180.28315081,74593839.90367003,0.16954,0.16946,0.14302,0.13771,0.16954,0.19608,0.23686,0.24855,0.0,0.02662,0.09384,0.11084
,292,Gibraltar,116357336.664,119769899.82,116357336.664,119769899.82,23.608650063382964,1806.7585120201384,1460123.6791811672,1370972.0048362415,1245750.7485720993,1211263.3346267827,1460123.6791811672,1533548.4071761444,1856088.969441584,2015441.6290352435,100.0,100.0,0.0,162576.40233990294,610338.2208694848,804178.2944084608,,,,,,,,,,,,
196501504.185186,296,Kiribati,2652.923,14292.507000000001,2652.923,14292.507000000001,0.0010876896355100905,0.0837753406204242,35.024255208111235,32.32368344568975,31.05906242332082,29.671577163900636,35.024255208111235,38.48149789052202,52.942798519755826,55.79219903627654,100.0,100.0,0.0,6.157814444832269,21.883736096435005,26.120621872375906,2e-05,2e-05,2e-05,2e-05,2e-05,2e-05,3e-05,3e-05,0.0,0.0,1e-05,1e-05
212049447242.107,300,Greece,21286388400.289,13121677096.368,21286388400.289,13121677096.368,4880.5519208873475,376583.07343819103,218191455.18340504,216548478.2802901,186492027.80170438,181335662.5281164,218191455.18340504,244198698.8083752,292295694.6668568,309411131.6687821,100.0,100.0,0.0,27650220.528085113,105803666.86515245,128075469.14066571,0.1029,0.10212,0.08795,0.08552,0.1029,0.11516,0.13784,0.14591,0.0,0.01304,0.0499,0.0604
3055791340.7025,304,Greenland,117616455.29599999,423830041.939,117616455.29599999,423830041.939,166.9635878161529,12777.36780700941,3939518.16718477,3652553.3648574357,3595234.5071871476,3596729.2766261357,3939518.16718477,4515326.956457624,5849357.301709089,6147536.222513513,100.0,100.0,0.0,862773.5916001885,2254122.794521942,2550806.945887377,0.12892,0.11953,0.11765,0.1177,0.12892,0.14776,0.19142,0.20118,0.0,0.02823,0.07377,0.08347
1166514814.81481,308,Grenada,11263295.691,16326536.172,11263295.691,16326536.172,2.172832118080716,166.86792723622557,71504.16517750468,67053.41417754882,62231.1195757327,59187.02984918468,71504.16517750468,77386.45985419546,105019.91032493548,111684.16473470064,100.0,100.0,0.0,10333.045676646638,42788.79074920278,52497.13488551596,0.00613,0.00575,0.00533,0.00507,0.00613,0.00663,0.009,0.00957,0.0,0.00089,0.00367,0.0045
6056000000.0,316,Guam,6329918.565,9426475.749,6329918.565,9426475.749,2.5420073245257173,195.4086122801105,113950.71689901892,109667.48327822336,99930.10755464021,95786.40389109118,113950.71689901892,121826.6385270212,155544.27255713454,166792.4488622957,100.0,100.0,0.0,12159.155248797848,55614.16500249432,71006.04497120454,0.00188,0.00181,0.00165,0.00158,0.00188,0.00201,0.00257,0.00275,0.0,0.0002,0.00092,0.00117
73328369925.8478,320,Guatemala,4128799411.9620004,2241995434.596,4128799411.9620004,2241995434.596,1992.5342855363033,153906.1772985307,95770861.35233116,94368222.73824169,81166152.52396189,80533104.00002031,95770861.35233116,105953745.47693096,127470068.41356336,137451924.32386878,100.0,100.0,0.0,11585522.738689274,46303915.88960147,56918820.32384847,0.13061,0.12869,0.11069,0.10983,0.13061,0.14449,0.17383,0.18745,0.0,0.0158,0.06315,0.07762
11857030366.4598,324,Guinea,6512812922.721,373934448.48,6512812922.721,373934448.48,1298.0318696670129,100078.4689802849,65425083.930185854,65649742.82026249,55182161.257781975,51832599.797395594,65425083.930185854,72387196.88473813,84502770.04053171,87558337.58622901,100.0,100.0,0.0,6737454.064475641,29320608.782749735,35725737.78883342,0.55178,0.55368,0.4654,0.43715,0.55178,0.6105,0.71268,0.73845,0.0,0.05682,0.24728,0.3013
4787637005.53638,328,Guyana,539484782.992,162373836.41500002,539484782.992,162373836.41500002,159.35863984850337,12272.902608361555,10485433.285473239,10545319.879739448,9185585.0643809,9080347.147967802,10485433.285473239,11668110.577995963,13260056.062195858,14177879.040952535,100.0,100.0,0.0,1122790.698256515,4074470.997814959,5097531.892984733,0.21901,0.22026,0.19186,0.18966,0.21901,0.24371,0.27696,0.29614,0.0,0.02345,0.0851,0.10647
16403864521.4121,332,Haiti,54889769.405999996,356860128.406,54889769.405999996,356860128.406,16.034577790580308,1232.74697356124,549020.8362150519,506163.5300150395,491004.6180505303,475641.56311681896,549020.8362150519,613030.909233565,833250.7271596651,876374.9375854734,100.0,100.0,0.0,106867.37921852549,342246.10910913476,400733.37446865445,0.00335,0.00309,0.00299,0.0029,0.00335,0.00374,0.00508,0.00534,0.0,0.00065,0.00209,0.00244
24067750465.9361,340,Honduras,1171024162.57,1171204525.0770001,1171024162.57,1171204525.0770001,446.3694303258778,34381.760491617024,17054074.337703392,15976182.306719895,14985637.821655981,14408901.10719015,17054074.337703392,17734727.5763581,23462987.770270407,24636510.3160267,100.0,100.0,0.0,1758545.269638203,8477349.948614426,10227609.208836548,0.07086,0.06638,0.06226,0.05987,0.07086,0.07369,0.09749,0.10236,0.0,0.00731,0.03522,0.0425
361731070995.726,344,"China, Hong Kong SAR",3963892427.8450003,8576114286.609,3963892427.8450003,8576114286.609,1150.2734745406142,88828.04430214518,40501861.33532776,38816294.05046193,33870646.09870404,32463944.33027072,40501861.33532776,45154723.67470121,56910394.37805446,60152772.06722595,100.0,100.0,0.0,6338429.624239273,23039748.279350422,27688827.73695523,0.0112,0.01073,0.00936,0.00897,0.0112,0.01248,0.01573,0.01663,0.0,0.00175,0.00637,0.00765
160565642983.587,348,Hungary,8608191942.744999,23102500291.56,8608191942.745,23102500291.56,2313.811135754254,178153.03954850987,105134311.69394171,100004387.23114653,97873493.42749855,95473840.52830225,105134311.69394171,115341598.65796275,153528402.1397724,160943160.56821597,100.0,100.0,0.0,15337211.426816225,55654908.712273836,65469320.039913714,0.06548,0.06228,0.06096,0.05946,0.06548,0.07183,0.09562,0.10024,0.0,0.00955,0.03466,0.04077
26260850582.0687,352,Iceland,574403558.1520001,930117986.929,574403558.1520001,930117986.929,247.79748128343388,18830.94712259157,15768465.843822092,14942944.079614768,13882075.086082088,13642954.29717101,15768465.843822092,17013811.84294983,20514895.157847974,22071533.741809323,100.0,100.0,0.0,2070867.7633350622,6632820.071765887,8428579.444638314,0.06005,0.0569,0.05286,0.05195,0.06005,0.06479,0.07812,0.08405,0.0,0.00789,0.02526,0.0321
2702929639861.5,356,India,85873320285.558,83322584108.093,85873320285.558,83322584108.093,34092.32065524346,2635847.679535955,1590982584.709724,1553121193.5079842,1350573081.9784243,1305026901.4903212,1590982584.709724,1760562271.912443,2150401426.18037,2262865250.3724194,100.0,100.0,0.0,207441078.40445876,799828344.2019455,957838348.8820982,0.05886,0.05746,0.04997,0.04828,0.05886,0.06514,0.07956,0.08372,0.0,0.00767,0.02959,0.03544
1042271532953.36,360,Indonesia,192406749666.93103,63448052585.649,192406749666.93103,63448052585.649,54454.13926804614,4207801.992394992,2495967580.515871,2441912020.238979,2150563254.0360103,2077100885.490482,2495967580.515871,2772234145.999087,3400668591.735319,3570732471.1223764,100.0,100.0,0.0,330322125.760108,1250105337.6993089,1493631585.6318944,0.23947,0.23429,0.20633,0.19929,0.23947,0.26598,0.32627,0.34259,0.0,0.03169,0.11994,0.14331
327900695065.853,364,Iran (Islamic Republic of),67645781520.296,26280682763.408,67645781520.296,26280682763.408,20443.186322726997,1582622.3068156322,994676064.3804011,999531663.6536595,841403801.5711272,820462920.0763305,994676064.3804011,1128244540.2503314,1331229974.7078562,1403881242.1450827,100.0,100.0,0.0,128712876.59667194,489826173.136729,583418322.0687522,0.30335,0.30483,0.2566,0.25022,0.30335,0.34408,0.40599,0.42814,0.0,0.03925,0.14938,0.17793
227367469034.031,368,Iraq,73293510290.829,27918482413.621,73293510290.829,27918482413.621,70852.19908516204,5415986.261682959,2986004138.071333,2886061661.6859465,2725624981.6227546,2711479895.36078,2986004138.071333,3297400080.5446954,4089294224.574624,4342103902.697742,100.0,100.0,0.0,411338418.8587489,1363669242.9518695,1630624007.3369627,1.31329,1.26934,1.19878,1.19255,1.31329,1.45025,1.79854,1.90973,0.0,0.18091,0.59976,0.71718
385736680797.111,372,Ireland,11019003056.913,28994116022.443,11019003056.913,28994116022.442997,5396.5225186851485,407135.0181912439,87411238.51541135,80481431.1530663,74994757.54986423,73262746.99268457,87411238.51541135,94217242.27062887,119038286.53101087,126226304.36820568,100.0,100.0,0.0,13735811.117562562,44043528.98114663,52963557.37552111,0.02266,0.02086,0.01944,0.01899,0.02266,0.02443,0.03086,0.03272,0.0,0.00356,0.01142,0.01373
376691526553.276,376,Israel,10501212135.408998,13777203182.292,10501212135.408998,13777203182.292,3453.2010888017335,266441.10588813666,152056314.44237256,150472458.50738156,128435304.80971208,125855797.53439543,152056314.44237256,171280925.5425128,204446746.36741272,217471654.82875937,100.0,100.0,0.0,20808467.035131246,76011441.55770063,91615857.29436395,0.04037,0.03995,0.0341,0.03341,0.04037,0.04547,0.05427,0.05773,0.0,0.00552,0.02018,0.02432
2091932426266.94,380,Italy,62818098652.492,138572659634.362,62818098652.492,138572659634.362,21475.367940475488,1654137.805154348,908644005.8134109,855518670.8597754,782940346.5258224,765656602.3524135,908644005.8134109,992088794.8658938,1252560594.1415887,1327453296.1738124,100.0,100.0,0.0,136570124.00611842,469620247.6157663,561796693.8213989,0.04344,0.0409,0.03743,0.0366,0.04344,0.04742,0.05988,0.06346,0.0,0.00653,0.02245,0.02686
58522477744.7313,384,Côte d'Ivoire,2052545375.5160003,1859822903.377,2052545375.5160003,1859822903.377,767.4959572561672,59170.127262050475,32355407.584701207,30852680.047776777,27633192.223816015,26949117.239831723,32355407.584701207,35366211.95822821,44881595.096302345,47663678.77501583,100.0,100.0,0.0,4513531.910451431,17248402.87248633,20714561.535184108,0.05529,0.05272,0.04722,0.04605,0.05529,0.06043,0.07669,0.08145,0.0,0.00771,0.02947,0.0354
15730791525.65,388,Jamaica,774731680.173,426381917.161,774731680.173,426381917.161,441.7123658864068,34142.721383297525,14253224.687027216,13085305.741575386,11464809.691843009,10975941.885773892,14253224.687027216,15706987.296395993,21128318.02580519,22401453.550540663,100.0,100.0,0.0,2621681.5548206065,9663508.333962182,11425511.664766772,0.09061,0.08318,0.07288,0.06977,0.09061,0.09985,0.13431,0.14241,0.0,0.01667,0.06143,0.07263
5040880939324.86,392,Japan,115338883170.995,264731820553.41498,115338883170.995,264731820553.41498,55454.112780227304,4283048.682365811,2584400292.384315,2507629008.3795505,2335138762.978954,2313517063.7424865,2584400292.384315,2861120773.4864635,3590403568.827984,3797630469.757283,100.0,100.0,0.0,353491765.1069131,1255264805.84903,1484113406.0147967,0.05127,0.04975,0.04632,0.0459,0.05127,0.05676,0.07123,0.07534,0.0,0.00701,0.0249,0.02944
179339977517.062,398,Kazakhstan,49901925299.19,24641239247.540997,49901925299.19,24641239247.540997,10797.205465572228,826476.7751898792,462437398.30857825,457716207.58839214,393219712.6840332,379772252.2468376,462437398.30857825,507750499.8311565,605467062.7511635,639057174.1069605,100.0,100.0,0.0,50034292.242764354,212247350.06713027,259284921.86012292,0.25786,0.25522,0.21926,0.21176,0.25786,0.28312,0.33761,0.35634,0.0,0.0279,0.11835,0.14458
43370860704.2254,400,Jordan,2600806465.438,977639125.137,2600806465.438,977639125.137,778.1741893627412,60224.49289488891,32148749.552900825,31662075.546071604,27232374.41034994,26268192.46636404,32148749.552900825,35800648.00242546,43297185.85568843,45477502.185008086,100.0,100.0,0.0,4138572.456353858,16064811.445338491,19209309.718644045,0.07413,0.073,0.06279,0.06057,0.07413,0.08255,0.09983,0.10486,0.0,0.00954,0.03704,0.04429
92202979940.671,404,Kenya,1206017778.392,704745217.974,1206017778.392,704745217.974,256.64759723673,19856.42756018548,9573844.872181918,9105662.014644409,8135397.469156148,7803222.565730817,9573844.872181918,10716771.702479148,13886887.858350236,14590272.445370017,100.0,100.0,0.0,1611109.6878347397,5751490.389194088,6787049.8796392,0.01038,0.00988,0.00882,0.00846,0.01038,0.01162,0.01506,0.01582,0.0,0.00175,0.00624,0.00736
,408,"Korea, Dem. People's Rep. of",114805491.523,44400928.939,114805491.523,44400928.939,14.147309961946515,1067.7034116779826,804222.9875430942,744444.006578905,693757.2166871608,686527.857612209,804222.9875430942,844404.9407454741,1022814.2733697353,1124308.4849188672,100.0,100.0,0.0,99960.93416656903,329057.05668257456,437780.6273066582,,,,,,,,,,,,
1724845615629.26,410,"Korea, Republic of",110116398548.181,160713643341.687,110116398548.181,160713643341.687,45808.95651160961,3537811.8698043725,1910686110.8639338,1854686185.6660047,1671835222.669287,1633457582.9613829,1910686110.8639338,2113169122.6026382,2635876178.618925,2784871521.057233,100.0,100.0,0.0,258482936.9366336,964040955.9496381,1151413938.09585,0.11077,0.10753,0.09693,0.0947,0.11077,0.12251,0.15282,0.16146,0.0,0.01499,0.05589,0.06675
138202309918.726,414,Kuwait,51831055399.798,25435844037.106,51831055399.798,25435844037.106,14227.507155304795,1097930.9355005478,725654823.737693,703746703.8093419,636957221.6880428,622299718.837991,725654823.737693,777497317.9560981,959502857.0004948,1015516845.4596121,100.0,100.0,0.0,73750614.14675617,322545635.3124521,393217126.62162113,0.52507,0.50921,0.46089,0.45028,0.52507,0.56258,0.69427,0.7348,0.0,0.05336,0.23339,0.28452
8271106196.04253,417,Kyrgyzstan,292379949.895,111857620.926,292379949.895,111857620.926,40.98225064912364,3157.933837663219,1615453.2514377055,1539831.2681615457,1375710.0926003896,1327302.887873272,1615453.2514377055,1786915.1748858264,2249094.7694262234,2384171.6807932127,100.0,100.0,0.0,247083.90672428068,873384.6768258337,1056868.7929199408,0.01953,0.01862,0.01663,0.01605,0.01953,0.0216,0.02719,0.02883,0.0,0.00299,0.01056,0.01278
18141651381.3884,418,Lao People's Dem. Rep.,991691312.24,643120801.7490001,991691312.24,643120801.7490001,181.5652393078332,14013.06341540018,9065960.781625798,8959904.088065991,7758027.350674594,7573019.140474054,9065960.781625798,10262952.639306204,12323454.855492903,13055398.253099715,100.0,100.0,0.0,1303048.5512402132,4565427.504818309,5482379.112625661,0.04997,0.04939,0.04276,0.04174,0.04997,0.05657,0.06793,0.07196,0.0,0.00718,0.02517,0.03022
54901519155.6219,422,Lebanon,644082892.28,435879523.98,644082892.28,435879523.98,129.03108520126727,9890.70756959679,8345633.008012681,7854022.591781357,7081758.260079223,6979683.401509666,8345633.008012681,8901527.591967907,10803923.871579383,11756372.85143221,100.0,100.0,0.0,1047505.0001865495,3722165.61150016,4776689.449922544,0.0152,0.01431,0.0129,0.01271,0.0152,0.01621,0.01968,0.02141,0.0,0.00191,0.00678,0.0087
2556247155.56945,426,Lesotho,5093024.869,96614260.642,5093024.869,96614260.642,5.7409043322734465,443.71128464503977,190963.00473835735,169994.31573902353,159110.1456171766,150499.59707525565,190963.00473835735,208903.73884775993,290834.7960995523,305843.53331302886,100.0,100.0,0.0,38909.4231087364,131724.6504823757,155343.93623777322,0.00747,0.00665,0.00622,0.00589,0.00747,0.00817,0.01138,0.01196,0.0,0.00152,0.00515,0.00608
34429023435.0205,428,Latvia,7777860989.84,3779867419.825,7777860989.84,3779867419.825,2628.426314158167,199988.2767152342,115584977.47121058,111280187.31194466,100013112.60657811,96081790.69181317,115584977.47121058,125746135.10143779,157197088.56584263,164659572.48469448,100.0,100.0,0.0,14465947.789493129,57183975.95926452,68577781.79288131,0.33572,0.32322,0.29049,0.27907,0.33572,0.36523,0.45658,0.47826,0.0,0.04202,0.16609,0.19919
3422754800.0,430,Liberia,1164252259.596,146252475.21400002,1164252259.596,146252475.21400002,328.5487841308848,25327.32092117922,17139851.485155992,17618717.582541447,14427926.307511797,14098486.602060826,17139851.485155992,20139550.200971358,23034810.121063743,24215292.324890606,100.0,100.0,0.0,2520832.6184299104,8606883.813551946,10116805.72282978,0.50076,0.51475,0.42153,0.4119,0.50076,0.5884,0.67299,0.70748,0.0,0.07365,0.25146,0.29557
76686048499.3527,434,Libya,26373019805.925,12655486216.679,26373019805.925,12655486216.679,5403.084411501729,417905.67827926466,174345369.57281926,163690444.72931346,149479697.24423897,142907762.81066823,174345369.57281926,174710965.63276154,228918406.90822953,241112819.4863431,100.0,100.0,0.0,11020520.903448075,79438709.66399056,98205056.67567486,0.22735,0.21346,0.19492,0.18635,0.22735,0.22783,0.29851,0.31442,0.0,0.01437,0.10359,0.12806
53751411409.4437,440,Lithuania,11934733345.769001,7378369193.851,11934733345.769001,7378369193.851,3423.2802115573077,261244.462950654,155112948.44337252,154210363.43640426,131684755.33641452,127880374.77269936,155112948.44337252,172462474.9978226,204467325.39207792,216417644.39721563,100.0,100.0,0.0,18252111.561418355,72782570.0556634,88537269.62451628,0.28857,0.2869,0.24499,0.23791,0.28857,0.32085,0.38039,0.40263,0.0,0.03396,0.13541,0.16472
71000359760.4599,442,Luxembourg,4877953191.303,5354968886.392,4877953191.303,5354968886.392,671.3872251569602,51211.34201681007,30641711.53130668,29350468.36252188,25949451.716387995,25129532.13709722,30641711.53130668,33219022.494169816,40564275.155996695,43578104.65877813,100.0,100.0,0.0,3868554.131647937,14614823.4396087,18448572.52168091,0.04316,0.04134,0.03655,0.03539,0.04316,0.04679,0.05713,0.06138,0.0,0.00545,0.02058,0.02598
55284309690.2698,446,"China, Macao SAR",171639017.317,107435674.536,171639017.317,107435674.536,4.5406812008957775,346.36185448177594,621461.768361949,579655.8693228068,529112.3240035033,509289.96563537617,621461.768361949,647383.3213077623,774425.040363248,840549.5341088077,100.0,100.0,0.0,67727.45198495546,245312.71635974466,331259.5684734315,0.00112,0.00105,0.00096,0.00092,0.00112,0.00117,0.0014,0.00152,0.0,0.00012,0.00044,0.0006
13760033282.6071,450,Madagascar,124852278.10000001,147742606.986,124852278.10000001,147742606.986,60.79041131368776,4693.73659216434,3195518.0917889643,3096120.365508259,2733332.40907461,2654446.798983175,3195518.0917889643,3511866.8128193677,4443789.531823668,4752986.476889487,100.0,100.0,0.0,415746.44731110893,1710457.1227490576,2098539.6779063125,0.02322,0.0225,0.01986,0.01929,0.02322,0.02552,0.03229,0.03454,0.0,0.00302,0.01243,0.01525
9880675785.93057,454,Malawi,48082658.609,32621596.992,48082658.609,32621596.992,21.500790861329147,1662.616581783572,1020079.9447562882,1007242.2109171554,859738.992578604,824984.0869638855,1020079.9447562882,1135202.1070127615,1366306.34016458,1441421.831943538,100.0,100.0,0.0,127959.89609560615,506567.3475859759,616437.7449796526,0.01032,0.01019,0.0087,0.00835,0.01032,0.01149,0.01383,0.01459,0.0,0.0013,0.00513,0.00624
358788833524.945,458,Malaysia,178276524835.641,96077505637.93399,178276524835.641,96077505637.93399,36114.798397820894,2789339.332440936,1451900933.8679993,1393982665.4728312,1246429226.612673,1198816053.5397663,1451900933.8679993,1597033412.8740633,2008456553.5648882,2112576413.8288822,100.0,100.0,0.0,203050747.401232,762027326.9522152,913760360.2891159,0.40467,0.38852,0.3474,0.33413,0.40467,0.44512,0.55979,0.58881,0.0,0.05659,0.21239,0.25468
5300949822.99805,462,Maldives,152363163.27199998,119578388.766,152363163.27199998,119578388.766,20.90220521347838,1600.7703586255416,925152.358871824,905091.1028821573,815683.4579541319,805374.5945684316,925152.358871824,1013585.220009335,1226971.3001293812,1318508.6567163349,100.0,100.0,0.0,108494.11712717765,411287.84217524936,513134.06214790326,0.01745,0.01707,0.01539,0.01519,0.01745,0.01912,0.02315,0.02487,0.0,0.00205,0.00776,0.00968
17070867577.6666,466,Mali,97061390.959,77169258.777,97061390.959,77169258.77700001,21.469898580144985,1660.757283985111,774176.3569518928,730890.054226367,666142.4200279348,631669.9252100444,774176.3569518928,883346.429960853,1180066.7974874068,1236958.7853529241,100.0,100.0,0.0,152456.37573448592,513924.3774594719,605288.8601428798,0.00454,0.00428,0.0039,0.0037,0.00454,0.00517,0.00691,0.00725,0.0,0.00089,0.00301,0.00355
15298004130.4975,470,Malta,2119003510.8839998,1516690995.427,2119003510.8839998,1516690995.427,647.7205348216729,50004.739247930294,25209785.659074347,24994101.88221288,21334513.38958661,20654898.57264875,25209785.659074347,28144250.009643495,33821003.92716621,35764969.44546867,100.0,100.0,0.0,3150148.127430614,12486490.5375796,15110070.872819923,0.16479,0.16338,0.13946,0.13502,0.16479,0.18397,0.22108,0.23379,0.0,0.02059,0.08162,0.09877
7473550557.07378,478,Mauritania,598377908.1159999,576352238.6669999,598377908.1159999,576352238.6669999,181.8692179540818,14058.881918608944,7513944.737824532,7322696.752739599,6296164.79490132,6058220.017939534,7513944.737824532,8523898.942044683,10472771.155623311,11051648.899202697,100.0,100.0,0.0,1201202.1893050838,4176606.3607219914,4993428.881263163,0.10054,0.09798,0.08425,0.08106,0.10054,0.11405,0.14013,0.14788,0.0,0.01607,0.05589,0.06681
14735695930.9727,480,Mauritius,648482294.561,719267979.929,648482294.561,719267979.929,232.52170758660105,17906.59262549004,7768105.808173675,7442616.142931928,6661027.151666684,6445287.282473355,7768105.808173675,8719587.769311495,11029291.26539494,11598400.45928332,100.0,100.0,0.0,1276971.6263795672,4368264.113728255,5153113.176809966,0.05272,0.05051,0.0452,0.04374,0.05272,0.05917,0.07485,0.07871,0.0,0.00867,0.02964,0.03497
1222405556421.13,484,Mexico,82916962045.58398,166021417702.075,82916962045.58398,166021417702.075,29725.183504729834,2292871.116303632,1355430577.7785223,1328030246.8297062,1186034046.3358457,1167366226.8669035,1355430577.7785223,1501489318.7403018,1854826255.2981493,1961258508.264302,100.0,100.0,0.0,173459071.91059566,668792208.9623036,793892281.3973985,0.11088,0.10864,0.09702,0.0955,0.11088,0.12283,0.15174,0.16044,0.0,0.01419,0.05471,0.06495
13178094719.8612,496,Mongolia,1121909125.123,426889653.93700004,1121909125.123,426889653.93700004,81.48717789493972,6295.605129721257,3434348.265835217,3431138.0177621804,2915194.79216478,2812059.518494871,3434348.265835217,3898451.358050236,4610674.327046375,4847769.712977214,100.0,100.0,0.0,467313.3402880556,1695479.5348815946,2035710.1944823428,0.02606,0.02604,0.02212,0.02134,0.02606,0.02958,0.03499,0.03679,0.0,0.00355,0.01287,0.01545
11253727815.4762,498,"Moldova, Republic of",1305380759.875,659900687.35,1305380759.875,659900687.35,188.7362714527425,14529.452147434484,9333823.85902928,9237236.842303898,8021619.230097563,7947899.253291128,9333823.85902928,10279584.890953418,12063536.644165913,13015207.811626052,100.0,100.0,0.0,1042348.0486495197,4041917.4140683496,5067308.558334924,0.08294,0.08208,0.07128,0.07062,0.08294,0.09134,0.1072,0.11565,0.0,0.00926,0.03592,0.04503
5506944403.30196,499,Montenegro,158542399.749,38944323.894,158542399.749,38944323.894,23.552824214855846,1785.580223719566,1230709.7772789223,1198667.1804974335,1103546.3063955926,1078607.8963859512,1230709.7772789223,1340896.3844344427,1578414.973206282,1675593.3052698434,100.0,100.0,0.0,142229.2039370092,474868.66681068926,596985.4088838922,0.02235,0.02177,0.02004,0.01959,0.02235,0.02435,0.02866,0.03043,0.0,0.00258,0.00862,0.01084
,500,Montserrat,25090.0,392624.83200000005,25090.0,392624.83200000005,0.0018989485097338,0.1446461681073472,72.85679094537485,73.12859557588084,69.81808372520504,68.83211155424476,72.85679094537485,80.3630765923545,92.84666339036595,96.565224655272,100.0,100.0,0.0,7.234481016473666,23.028579665160905,27.733113101027243,,,,,,,,,,,,
127341141871.205,504,Morocco,15211363089.251,16455014054.599,15211363089.251,16455014054.599,5620.02108042362,433852.78330876393,244447566.06890872,240557302.81091696,207889998.95842925,202127283.0570647,244447566.06890872,274340402.84216666,333708131.2480057,352565255.7974079,100.0,100.0,0.0,33783100.0312497,125818132.28957644,150437972.7403432,0.19196,0.18891,0.16325,0.15873,0.19196,0.21544,0.26206,0.27687,0.0,0.02653,0.0988,0.11814
14845400592.6712,508,Mozambique,2233630618.719,843008544.73,2233630618.719,843008544.73,941.4880401789435,72891.74485301739,46726358.457554236,46756830.50109149,39484868.38494015,37504219.07946804,46726358.457554236,52107310.762093894,61609509.93384824,64361784.44929037,100.0,100.0,0.0,5350480.2610024065,22124641.548908092,26857565.36982233,0.31475,0.31496,0.26597,0.25263,0.31475,0.351,0.41501,0.43355,0.0,0.03604,0.14903,0.18092
91505851755.5267,512,Oman,49441191420.126,18660934798.457,49441191420.126,18660934798.457,21537.42779476387,1664082.604523248,998539659.5624526,973269394.3316591,863902910.6161047,844407689.496459,998539659.5624526,1093673059.8919392,1340679132.6219647,1418335756.5125673,100.0,100.0,0.0,120403665.56028008,476776222.00586,573928067.0161083,1.09123,1.06361,0.9441,0.92279,1.09123,1.19519,1.46513,1.54999,0.0,0.13158,0.52103,0.6272
13682019171.6627,516,Namibia,309814665.509,447933889.561,309814665.509,447933889.561,107.4394521751837,8287.603450442606,4080621.549798666,3737503.403201481,3447302.2994923396,3288769.3840321777,4080621.549798666,4456254.500672265,6035280.17731812,6394722.445953164,100.0,100.0,0.0,718751.0974707841,2587977.877825781,3105953.0619209865,0.02982,0.02732,0.0252,0.02404,0.02982,0.03257,0.04411,0.04674,0.0,0.00525,0.01892,0.0227
130995580.092154,520,Nauru,31623854.407,3769400.006,31623854.407,3769400.006,13.208103492151059,1018.6413309380407,702994.5447815411,708700.4677763309,588657.897386846,597568.2676469391,702994.5447815411,770734.0070419769,880910.1242390628,976348.2297144904,100.0,100.0,0.0,62033.53926564602,292252.22685221676,378779.9620675512,0.53666,0.54101,0.44937,0.45617,0.53666,0.58837,0.67247,0.74533,0.0,0.04736,0.2231,0.28915
33111525182.7133,524,Nepal,111080635.461,166986034.642,111080635.461,166986034.642,20.556019734373454,1589.4110825167331,682512.8812024132,623535.3987062781,564280.4953699692,540325.0060759642,682512.8812024132,753253.4757369413,993598.9949085115,1046331.2155538766,100.0,100.0,0.0,129718.07703066326,429318.49953854235,506006.2094779124,0.00206,0.00188,0.0017,0.00163,0.00206,0.00227,0.003,0.00316,0.0,0.00039,0.0013,0.00153
914043438179.591,528,Netherlands (Kingdom of the),171506401645.277,179689219659.907,171506401645.277,179689219659.907,31320.967118531706,2396112.09856348,1114860579.2161171,1057497145.7798848,959239800.2407733,918158833.8501861,1114860579.2161171,1178967451.3826063,1506820061.3030598,1584572139.5871532,100.0,100.0,0.0,121470305.60272145,547580261.0622865,666413305.7369671,0.12197,0.11569,0.10494,0.10045,0.12197,0.12898,0.16485,0.17336,0.0,0.01329,0.05991,0.07291
3020388826.81564,531,Curaçao,136685079.74,96700309.593,136685079.74,96700309.593,62.01783563947728,4708.695078720697,2020785.3389787474,1939743.0969213957,1827274.4374468995,1776600.0018741854,2020785.3389787474,2130303.231827627,2650865.119692252,2815575.6295788367,100.0,100.0,0.0,190560.1349062312,823590.6822453525,1038975.6277046513,0.0669,0.06422,0.0605,0.05882,0.0669,0.07053,0.08777,0.09322,0.0,0.00631,0.02727,0.0344
3276187709.49721,533,Aruba,4689670.087,81888155.06,4689670.087,81888155.06,2.5931666935123205,197.17008776579988,70096.42944183997,65132.05256848712,60382.942757416466,57816.165029950615,70096.42944183997,74116.1947068452,97656.12832945114,103069.31605774586,100.0,100.0,0.0,8984.142138358082,37273.18557203467,45253.15102779525,0.00214,0.00199,0.00184,0.00176,0.00214,0.00226,0.00298,0.00315,0.0,0.00027,0.00114,0.00138
1185474860.3352,534,Sint Maarten (Dutch part),4392178.143,5578122.81,4392178.143,5578122.81,2.667086396750961,204.81009824802788,172721.47402716897,167747.43758111977,149528.6912245503,150340.5702374689,172721.47402716897,185674.22461942356,220566.518148176,239662.7274652015,100.0,100.0,0.0,17926.787038303795,71037.82692362569,89322.15722773259,0.01457,0.01415,0.01261,0.01268,0.01457,0.01566,0.01861,0.02022,0.0,0.00151,0.00599,0.00753
,535,"Bonaire, Sint Eustatius and Saba",40339388.937,10027896.082,40339388.937,10027896.082,16.574808921387667,1280.430003643396,621615.3347185571,586896.4195966058,532882.5365028316,507557.0872294917,621615.3347185571,629085.7441945781,824395.323961699,863110.2134934717,100.0,100.0,0.0,42189.32459797233,291512.7874588674,355553.12626398006,,,,,,,,,,,,
9896402295.48329,540,New Caledonia,4769684567.093999,1063432459.123,4769684567.093999,1063432459.123,1979.4882206447885,153293.51398682522,100705373.07000318,102340873.27212597,84613566.1490165,81877196.61915097,100705373.07000318,114997208.17330039,132397387.12726068,139261776.72660512,100.0,100.0,0.0,12656334.901174411,47783820.978244185,57384580.10745415,1.0176,1.03412,0.85499,0.82734,1.0176,1.16201,1.33783,1.4072,0.0,0.12789,0.48284,0.57985
914736985.430944,548,Vanuatu,1933051.668,2028570.864,1933051.668,2028570.864,0.3007436555648775,23.24405216524096,18874.592552082046,19101.772939888448,16156.990219508913,16024.779767786158,18874.592552082046,22342.422821910437,26166.309905918857,27622.763465055432,100.0,100.0,0.0,3240.6498820219895,10009.319686409945,11597.983697269274,0.00206,0.00209,0.00177,0.00175,0.00206,0.00244,0.00286,0.00302,0.0,0.00035,0.00109,0.00127
211886686924.483,554,New Zealand,18008162244.041,15001564860.041,18008162244.041,15001564860.041,14477.783115854718,1119350.6200952497,441065641.0590195,396165905.081143,356874451.83843815,342139026.59148645,441065641.0590195,481841623.7686774,646100077.4472771,683164904.2272658,100.0,100.0,0.0,85675718.68753439,289225625.6088389,341025877.6357794,0.20816,0.18697,0.16843,0.16147,0.20816,0.22741,0.30493,0.32242,0.0,0.04043,0.1365,0.16095
13025266513.3167,558,Nicaragua,602345445.241,302900482.178,602345445.241,302900482.178,247.2270301769515,19124.59278437113,10823291.257375207,11057054.643921757,9120677.696366003,9051617.408334408,10823291.257375207,12634201.82840678,14595308.055881346,15575617.559606057,100.0,100.0,0.0,1577147.184485022,5474630.359515343,6524000.151271649,0.08309,0.08489,0.07002,0.06949,0.08309,0.097,0.11205,0.11958,0.0,0.01211,0.04203,0.05009
12808661487.4035,562,Niger,122611032.515,136842184.96600002,122611032.515,136842184.96600002,11.1061693059119,857.4933958586854,438132.36617576255,435857.31890593463,370760.39865161007,363293.99745888775,438132.36617576255,499512.08161758434,597462.8695845339,631995.0718131639,100.0,100.0,0.0,63654.7627116497,226702.47093292378,268701.0743542762,0.00342,0.0034,0.00289,0.00284,0.00342,0.0039,0.00466,0.00493,0.0,0.0005,0.00177,0.0021
421739210176.152,566,Nigeria,66684544094.001,30280434772.471996,66684544094.001,30280434772.471996,26467.763082854482,2045710.6079177153,1265701588.8848834,1202932172.1103673,1086729685.268958,1038557305.4412184,1265701588.8848834,1297027180.2093413,1676828710.857867,1758340478.072712,100.0,100.0,0.0,94095008.09897399,590099025.5889089,719783172.6314936,0.30011,0.28523,0.25768,0.24626,0.30011,0.30754,0.3976,0.41693,0.0,0.02231,0.13992,0.17067
439788625883.8,578,Norway,109716654082.801,48502049205.48699,109716654082.801,48502049205.48699,20600.538944818833,1561555.803533213,1029668848.5360835,1005154157.1055034,908820855.9358094,887977314.2523775,1029668848.5360835,1125573896.541602,1348928965.8489914,1430031718.8561819,100.0,100.0,0.0,120419739.43609846,440108109.913182,542054404.6038043,0.23413,0.22855,0.20665,0.20191,0.23413,0.25594,0.30672,0.32516,0.0,0.02738,0.10007,0.12325
1301000000.0,580,Northern Mariana Islands,3003578.1180000002,973757.208,3003578.1180000002,973757.208,1.8632849300675403,143.1312912593885,66863.2025497817,67067.13344993636,55418.27785943866,53034.652994946824,66863.2025497817,72468.69679968145,86896.52404159468,95736.41819459859,100.0,100.0,0.0,5401.563349745091,31478.246182156014,42701.76519965177,0.00514,0.00516,0.00426,0.00408,0.00514,0.00557,0.00668,0.00736,0.0,0.00042,0.00242,0.00328
401932300.0,583,Micronesia (Federated States of),9428737.776,12100502.123,9428737.776,12100502.123,6.081076702928538,467.64411103007734,253365.50959386458,233516.15552760492,221468.24638877006,206803.1529862914,253365.50959386458,272635.7225407013,385268.84002908244,406676.2464255995,100.0,100.0,0.0,39119.567013096355,163800.59364031238,199873.0934393081,0.06304,0.0581,0.0551,0.05145,0.06304,0.06783,0.09585,0.10118,0.0,0.00973,0.04075,0.04973
219330300.0,584,Marshall Islands,136105264.174,142468691.731,136105264.174,142468691.731,95.54545350459995,7333.558496677917,3756323.651203541,3717863.9854046186,3171341.6599669717,3035970.975408146,3756323.651203541,4068036.6813180954,4986337.080476274,5446131.114958097,100.0,100.0,0.0,350172.69591347687,1814995.420509302,2410160.139549951,1.71263,1.6951,1.44592,1.3842,1.71263,1.85475,2.27344,2.48307,0.0,0.15966,0.82752,1.09887
284900000.0,585,Palau,28356.240999999998,44438.231999999996,28356.240999999995,44438.231999999996,0.020868917143675385,1.6038772824049599,1495.434471380318,1448.7438011053466,1393.754120898207,1369.7369485339345,1495.434471380318,1609.7688516223063,1949.2914180658552,2085.942028319517,100.0,100.0,0.0,161.0250505169597,555.5372971676481,716.2050797855823,0.00052,0.00051,0.00049,0.00048,0.00052,0.00057,0.00068,0.00073,0.0,6e-05,0.00019,0.00025
356128167702.894,586,Pakistan,6660784018.084001,2246979466.898,6660784018.084001,2246979466.898,1777.1570298873414,137541.36386352585,77255266.05034362,76413273.18902935,64813950.31410395,62972220.24740291,77255266.05034362,87772297.49716279,104753605.66422999,110246747.5702613,100.0,100.0,0.0,11359024.308133438,39939655.350126036,47274527.32285839,0.02169,0.02146,0.0182,0.01768,0.02169,0.02465,0.02941,0.03096,0.0,0.00319,0.01121,0.01327
67294169234.6291,591,Panama,2576761125.224,2118738390.439,2576761125.224,2118738390.439,960.3417888902561,74339.8343182153,26287029.39272793,24338069.15771273,21438733.959626593,20642280.307101924,26287029.39272793,28611243.918712206,37067505.15702802,39187917.23124031,100.0,100.0,0.0,4273174.760999475,15628771.197401427,18545636.924138386,0.03906,0.03617,0.03186,0.03067,0.03906,0.04252,0.05508,0.05823,0.0,0.00635,0.02322,0.02756
24109780113.2307,598,Papua New Guinea,8803202075.384,3555507835.475,8803202075.384,3555507835.475,4284.715044485702,329833.84595440846,222122900.78371638,214843536.83397037,191691145.1105682,188429836.5426356,222122900.78371638,241597904.38386717,301521648.1650544,323778714.3851572,100.0,100.0,0.0,26754367.549896806,109830503.05448619,135348877.84252164,0.9213,0.89111,0.79508,0.78155,0.9213,1.00207,1.25062,1.34294,0.0,0.11097,0.45554,0.56139
40225448651.3062,600,Paraguay,4841365229.168,1938550267.329,4841365229.168,1938550267.329,1610.5328271414694,124387.18743060222,70436335.83174609,70880530.78974447,59347006.915946215,57475896.66600334,70436335.83174609,80872557.42199597,95265071.08914596,100437630.89416501,100.0,100.0,0.0,9992026.632251501,35918064.17319974,42961734.22816167,0.1751,0.17621,0.14754,0.14288,0.1751,0.20105,0.23683,0.24969,0.0,0.02484,0.08929,0.1068
222597030191.041,604,Peru,16959192029.074001,14682613774.165,16959192029.074001,14682613774.165,8527.94054156761,659632.746145783,369152439.9813228,367497100.72846097,309310043.3097207,300709373.2787173,369152439.9813228,421110652.2221024,504454701.19781905,532819378.8487833,100.0,100.0,0.0,53613551.493641436,195144657.88809836,232110005.57006603,0.16584,0.1651,0.13896,0.13509,0.16584,0.18918,0.22662,0.23936,0.0,0.02409,0.08767,0.10427
346841896890.489,608,Philippines,35710602280.395004,14542163606.652,35710602280.395004,14542163606.652,7144.224668967602,552476.8383625436,334460761.5619091,334088466.116499,284747630.17919886,277057182.3681123,334460761.5619091,381617268.29076916,456418708.8935582,481463224.2406276,100.0,100.0,0.0,47528802.17427015,171671078.71435934,204406041.87251526,0.09643,0.09632,0.0821,0.07988,0.09643,0.11003,0.13159,0.13881,0.0,0.0137,0.0495,0.05893
588779850763.487,616,Poland,48356974155.846,83757032872.72299,48356974155.846,83757032872.72299,7393.487757138227,557437.0125227339,272237903.50797325,259400869.65908128,241708323.71087608,227647331.71185857,272237903.50797325,296337179.7187102,378668415.36395943,395049968.3008292,100.0,100.0,0.0,36936310.059628904,136960091.65308335,167402636.5889706,0.04624,0.04406,0.04105,0.03866,0.04624,0.05033,0.06431,0.0671,0.0,0.00627,0.02326,0.02843
242313116577.963,620,Portugal,11404431344.931,16681767375.784,11404431344.931,16681767375.784,2982.8878871465563,229459.7188193166,121116131.0927076,115602617.02538465,103166027.6742517,99628449.16198869,121116131.0927076,132788105.92695864,165699768.87081528,175348359.4375631,100.0,100.0,0.0,17185488.901573986,62533741.19656357,75719910.2755744,0.04998,0.04771,0.04258,0.04112,0.04998,0.0548,0.06838,0.07236,0.0,0.00709,0.02581,0.03125
1504630233.68639,624,Guinea-Bissau,1240938.103,1584562.058,1240938.103,1584562.058,0.5762026568981784,44.21993532018278,23496.55870919977,21663.938688954135,20578.92508246708,19277.066762726783,23496.55870919977,25363.692851418382,35695.55833235256,37663.17097585566,100.0,100.0,0.0,3699.754162464247,15116.633249885475,18386.104213128878,0.00156,0.00144,0.00137,0.00128,0.00156,0.00169,0.00237,0.0025,0.0,0.00025,0.001,0.00122
1563887900.0,626,Timor-Leste,60025076.438999996,28575086.491,60025076.439,28575086.491,17.494666986998183,1353.7045668471421,588773.61051541,550213.1314302639,508064.83276796254,485509.02893504244,588773.61051541,589322.6585435574,778862.7734883715,817681.5719826175,100.0,100.0,0.0,39109.52711329353,270797.940720409,332172.54304757505,0.03765,0.03518,0.03249,0.03105,0.03765,0.03768,0.0498,0.05229,0.0,0.0025,0.01732,0.02124
183334953818.681,634,Qatar,78667115894.577,34489320369.331,78667115894.577,34489320369.331,51290.71478881156,3961498.5804262115,2980020602.576684,2923346626.677776,2637245503.87489,2606072999.4036655,2980020602.576684,3336770509.527036,4076976066.9675736,4309079200.368454,100.0,100.0,0.0,413423882.84926033,1439730563.0926838,1703006200.9647884,1.62545,1.59454,1.43848,1.42148,1.62545,1.82004,2.22379,2.35039,0.0,0.2255,0.7853,0.9289
243316050520.725,642,Romania,13633642895.204,13376039706.536,13633642895.204,13376039706.536,3361.483266725261,258684.60929294955,155989629.1766457,154451363.50005826,133883694.95798022,132189774.25471564,155989629.1766457,173849431.79493558,205118475.6433813,219581333.69142446,100.0,100.0,0.0,19398068.29487732,71234780.68540108,87391559.43670882,0.06411,0.06348,0.05502,0.05433,0.06411,0.07145,0.0843,0.09025,0.0,0.00797,0.02928,0.03592
1657328764645.93,643,Russian Federation,530800855609.068,241683907734.35098,530800855609.068,241683907734.35098,117487.22082659882,9004893.800072905,5104478733.270334,5080352965.013291,4326606322.974422,4182878615.0552173,5104478733.270334,5672244532.407904,6736441261.740719,7111141185.249479,100.0,100.0,0.0,591891567.3946123,2409834938.7662964,2928262570.194262,0.30799,0.30654,0.26106,0.25239,0.30799,0.34225,0.40646,0.42907,0.0,0.03571,0.1454,0.17669
9636510839.30707,646,Rwanda,13604105.713,50786178.297,13604105.713,50786178.297,2.429349956326697,187.33481702046316,83452.06447005323,81413.16815619895,70322.99808394215,68704.72354942022,83452.06447005323,94156.04474320452,115548.52165039831,123036.3167817804,100.0,100.0,0.0,12742.876587005565,45225.52356645616,54331.59323236019,0.00087,0.00084,0.00073,0.00071,0.00087,0.00098,0.0012,0.00128,0.0,0.00013,0.00047,0.00056
,652,Saint Barthélemy,99584.701,139621.771,99584.701,139621.771,0.1256774454128125,9.681655808064166,2856.2703021635716,2876.0207467518208,2361.224209986269,2262.415441169904,2856.2703021635716,3096.7814096612656,3682.0845547918434,4066.179764890787,100.0,100.0,0.0,220.76066290944482,1320.8603448055742,1803.7643237208827,,,,,,,,,,,,
,654,Saint Helena,497080.87700000004,12066304.6,497080.87700000004,12066304.6,0.5983888862593066,46.151655294160655,20591.196493506304,18978.025427416924,17998.88299124125,16807.040474171452,20591.196493506304,22157.30054387755,31311.074166632072,33050.86951732193,100.0,100.0,0.0,3179.275116460627,13312.19117539082,16243.82904315048,,,,,,,,,,,,
1076922222.22222,659,Saint Kitts and Nevis,3754931.713,6170870.416999999,3754931.713,6170870.417,0.48324705791326006,37.136746292159074,19217.792539790098,18711.686732048165,16792.169054075937,16673.314670573123,19217.792539790098,22398.92326296591,27579.684268094064,29274.948449250714,100.0,100.0,0.0,3687.236530917744,10787.515214018127,12601.633778677591,0.00178,0.00174,0.00156,0.00155,0.00178,0.00208,0.00256,0.00272,0.0,0.00034,0.001,0.00117
,660,Anguilla,1070.959,1453.715,1070.959,1453.715,7.523183426843211e-05,0.005789360041894273,3.7017240453268068,3.32397817111185,3.156311190323721,3.0810418533792663,3.7017240453268068,3.7410611483006075,4.516168116809291,5.035962698251911,100.0,100.0,0.0,0.41708297718875764,1.3598569264855698,1.9549208448726447,,,,,,,,,,,,
2057074074.07407,662,Saint Lucia,4250765431.3050003,2011660995.24,4250765431.3050003,2011660995.24,1136.490158146756,87442.69597526814,37730997.514019445,38019538.618127786,31635797.00940539,32096549.781451695,37730997.514019445,41376967.09655768,47338205.68481593,52429697.25914105,100.0,100.0,0.0,3357428.478429891,15702408.675410539,20333147.477689356,1.83421,1.84823,1.5379,1.5603,1.83421,2.01145,2.30124,2.54875,0.0,0.16321,0.76334,0.98845
884328180.526933,670,Saint Vincent and the Grenadines,16520574.849000001,15650747.552,16520574.849000001,15650747.552,0.9956248060360551,76.02785443874996,30685.21679020829,28276.544013587107,27169.86411264806,26132.964895886587,30685.21679020829,33556.949985958716,45308.06651354846,47991.43452091123,100.0,100.0,0.0,5280.405972371609,18138.202400900398,21858.46962502464,0.00347,0.0032,0.00307,0.00296,0.00347,0.00379,0.00512,0.00543,0.0,0.0006,0.00205,0.00247
1655354303.82885,674,San Marino,13675783.514999999,31029662.938,13675783.514999999,31029662.938,9.390923538407101,725.7219215459287,251227.76418737523,219354.6128490305,200338.89252988237,192285.10203434603,251227.76418737523,279009.54137083254,377943.2029600208,398635.1693077639,100.0,100.0,0.0,59654.92852180204,177604.31043013843,206350.0672734179,0.01518,0.01325,0.0121,0.01162,0.01518,0.01685,0.02283,0.02408,0.0,0.0036,0.01073,0.01247
412253809.728799,678,Sao Tome and Principe,3319230.1169999996,1305990.284,3319230.1169999996,1305990.2840000002,1.6748054206548046,128.88611276456683,112970.81157060235,110649.44035665019,96395.54167524308,94735.48915835618,112970.81157060235,122103.19909367901,147577.93249665256,160732.26535002084,100.0,100.0,0.0,11453.758737028824,51182.390821409484,65996.77619166466,0.0274,0.02684,0.02338,0.02298,0.0274,0.02962,0.0358,0.03899,0.0,0.00278,0.01242,0.01601
846583785179.856,682,Saudi Arabia,281984873624.512,132614835250.41199,281984873624.512,132614835250.41199,175646.18442675893,13592560.787287764,7384811377.91932,7053687890.625458,6335718253.661203,6059247895.58237,7384811377.91932,7643376214.921841,9785843350.836632,10273988478.294975,100.0,100.0,0.0,589688324.2963829,3450125097.1754284,4214740582.7126055,0.87231,0.83319,0.74839,0.71573,0.87231,0.90285,1.15592,1.21358,0.0,0.06966,0.40753,0.49785
23116701539.5646,686,Senegal,1684868892.336,1182201425.5839999,1684868892.336,1182201425.5839999,687.8122553825633,53215.42391018403,26170066.821054827,24662923.165241547,22291577.751652814,21395512.91260265,26170066.821054827,26969887.595216326,35058717.303004265,36951235.61833533,100.0,100.0,0.0,2306964.4299747795,12767139.55135145,15555722.70573268,0.11321,0.10669,0.09643,0.09255,0.11321,0.11667,0.15166,0.15985,0.0,0.00998,0.05523,0.06729
50640662859.4987,688,Serbia,2257249248.879,2635011725.513,2257249248.879,2635011725.513,314.18935939605103,24075.51872990998,18773343.19713238,18067360.985833205,16260836.38644246,15834927.251098508,18773343.19713238,20210156.998079725,24198945.56275758,25924590.303925842,100.0,100.0,0.0,2142796.0122465193,7938109.176315121,10089663.052827334,0.03707,0.03568,0.03211,0.03127,0.03707,0.03991,0.04779,0.05119,0.0,0.00423,0.01568,0.01992
1587813245.28225,690,Seychelles,66047127.616000004,98351194.727,66047127.616000004,98351194.727,38.55239946929393,2979.425786645419,1337948.9734732206,1207422.948730091,1200138.9887420957,1140637.9602249374,1337948.9734732206,1494381.795107513,2150160.202572051,2242812.950021945,100.0,100.0,0.0,286958.84637742187,950021.2138299553,1102174.9897970075,0.08426,0.07604,0.07558,0.07184,0.08426,0.09412,0.13542,0.14125,0.0,0.01807,0.05983,0.06941
4085114542.06831,694,Sierra Leone,1853119407.951,98821297.833,1853119407.951,98821297.833,755.225940400376,58501.213719328545,34199179.73551389,35161379.39258969,28784248.58476548,28102015.493448216,34199179.73551389,40167429.77197494,45903471.79432039,48235702.04861486,100.0,100.0,0.0,5006050.379385255,17119223.20955491,20133686.555166643,0.83717,0.86072,0.70461,0.68791,0.83717,0.98326,1.12368,1.18077,0.0,0.12254,0.41906,0.49285
376869585632.115,702,Singapore,83040983217.385,75903691876.045,83040983217.385,75903691876.045,23433.605330411625,1811120.0705028584,1021469578.139834,997024259.0235566,874044180.2416221,843970362.9370703,1021469578.139834,1122847432.7903051,1384692069.2512217,1459904820.958256,100.0,100.0,0.0,125823173.76674855,510647889.00959957,615934458.0211858,0.27104,0.26455,0.23192,0.22394,0.27104,0.29794,0.36742,0.38738,0.0,0.03339,0.1355,0.16343
106137924015.591,703,Slovakia,12691912064.965,29590851911.335,12691912064.965,29590851911.335,2397.641063023575,184043.7317856796,121995082.30002107,120241363.67654043,118298741.5938708,118948872.4762961,121995082.30002107,133976749.47796859,168044311.8696947,176864329.31759354,100.0,100.0,0.0,13735385.801428154,49745570.275823906,57915456.84129745,0.11494,0.11329,0.11146,0.11207,0.11494,0.12623,0.15833,0.16664,0.0,0.01294,0.04687,0.05457
310106472642.968,704,Viet Nam,48341504507.985,66013313881.898,48341504507.985,66013313881.898,18450.474681133768,1425245.669707526,732250589.4283926,694972086.212283,613252560.1316291,590370220.0527802,732250589.4283926,814074471.1060612,1036381725.5315094,1096028078.784441,100.0,100.0,0.0,119102384.8937782,423129165.3998803,505657858.73166084,0.23613,0.22411,0.19776,0.19038,0.23613,0.26251,0.3342,0.35344,0.0,0.03841,0.13645,0.16306
54177882425.8421,705,Slovenia,7837637124.032001,10220460794.275,7837637124.032001,10220460794.275,1099.3249126992432,84611.82171235059,42930858.3675234,40263256.91326031,38919179.373489395,37328123.327165365,42930858.3675234,47149719.62799275,64061139.96477869,67015952.89021111,100.0,100.0,0.0,6886462.714732438,25141960.591289297,29687829.563045748,0.07924,0.07432,0.07184,0.0689,0.07924,0.08703,0.11824,0.1237,0.0,0.01271,0.04641,0.0548
5856000006.22021,706,Somalia,20979033.661000002,32558277.152000003,20979033.661000002,32558277.152,8.911103271436007,687.0571089565921,391055.69956349384,369914.3944366035,348877.1854334205,332354.1802042008,391055.69956349384,431183.7307825087,568350.744479537,595604.2197663891,100.0,100.0,0.0,61269.33634590515,219473.55904611648,263250.0395621883,0.00668,0.00632,0.00596,0.00568,0.00668,0.00736,0.00971,0.01017,0.0,0.00105,0.00375,0.0045
404158882459.024,710,South Africa,36994595170.295,30600506188.992,36994595170.295,30600506188.992,17833.954415615048,1379695.4452002684,720178313.8224721,713850491.3955141,629389975.0784881,608631045.5270586,720178313.8224721,827857328.727271,1017539443.3756423,1066847840.5812372,100.0,100.0,0.0,114006837.33175683,388149468.2971542,458216795.0541786,0.17819,0.17663,0.15573,0.15059,0.17819,0.20483,0.25177,0.26397,0.0,0.02821,0.09604,0.11338
34156069918.0609,716,Zimbabwe,434181476.147,336118950.16800004,434181476.147,336118950.16800004,206.2749824120099,15964.47782616083,7795757.818870322,7730284.421480483,6542403.056264076,6232086.98247172,7795757.818870322,9083613.46602828,11052895.385523587,11614233.883401837,100.0,100.0,0.0,1353329.0445477972,4510492.329259511,5382146.900930117,0.02282,0.02263,0.01915,0.01825,0.02282,0.02659,0.03236,0.034,0.0,0.00396,0.01321,0.01576
1421702715218.01,724,Spain,64306636893.442,94928072863.00299,64306636893.442,94928072863.00299,19426.108957805784,1497365.5460154738,750860664.3260051,715428860.4138591,634854918.8412317,612749144.2223595,750860664.3260051,826470547.5206331,1040416363.6462127,1099070003.547258,100.0,100.0,0.0,111041687.10677397,405561444.804981,486320859.32489836,0.05281,0.05032,0.04465,0.0431,0.05281,0.05813,0.07318,0.07731,0.0,0.00781,0.02853,0.03421
,728,South Sudan,2083854370.715,701635009.872,2083854370.715,701635009.872,351.61683755489037,27143.369799996683,17111856.93672031,17228570.390154656,14541904.329846282,13930902.339959104,17111856.93672031,19232967.31298148,22444857.738688514,23459772.288594063,100.0,100.0,0.0,2004396.9228268228,7902953.408842232,9528869.94863496,,,,,,,,,,,,
32333780383.2924,729,Sudan,1329250465.741,606285511.3390001,1329250465.741,606285511.3390001,454.6130650451495,35124.545980720504,18696969.163679603,18072706.755743675,16090704.498135485,15693212.453647528,18696969.163679603,19734086.307165816,24651101.16113572,26215232.168154817,100.0,100.0,0.0,1661379.5514221415,8560396.663000233,10522019.71450729,0.05782,0.05589,0.04976,0.04854,0.05782,0.06103,0.07624,0.08108,0.0,0.00514,0.02648,0.03254
3996198760.32389,740,Suriname,435316615.18799996,144124759.014,435316615.18799996,144124759.014,51.79905959593429,3958.8198880656164,2566885.7049438027,2501198.387863975,2317378.4991032174,2259629.740689089,2566885.7049438027,2812511.390004515,3395856.9721729136,3594365.0054321387,100.0,100.0,0.0,311313.00214054016,1078478.4730696962,1334735.2647430496,0.06423,0.06259,0.05799,0.05654,0.06423,0.07038,0.08498,0.08994,0.0,0.00779,0.02699,0.0334
4666598023.91856,748,Eswatini,220198424.14999998,285838417.141,220198424.14999998,285838417.141,135.0696276913894,10439.78139105681,5552471.262141013,5411706.228829017,4755882.538759654,4636775.082073737,5552471.262141013,6322523.564324324,7794775.1197498785,8237353.455907393,100.0,100.0,0.0,910817.3354953071,3038892.580990224,3600578.3738336563,0.11898,0.11597,0.10191,0.09936,0.11898,0.13548,0.16703,0.17652,0.0,0.01952,0.06512,0.07716
555455371487.089,752,Sweden,41688913325.69,45151815011.721,41688913325.69,45151815011.721,8383.479528244943,633304.9914646166,362356464.4908044,351923747.2083363,314829848.2485731,306821328.1864158,362356464.4908044,395272297.9517086,485008921.05934197,516418622.7044436,100.0,100.0,0.0,43348550.74337232,170179072.81076884,209597294.51802778,0.06524,0.06336,0.05668,0.05524,0.06524,0.07116,0.08732,0.09297,0.0,0.0078,0.03064,0.03773
725562534363.895,756,"Switzerland, Liechtenstein",9795848911.928,45750144483.626,9795848911.928,45750144483.626,2271.430215265478,174849.51477533352,91172682.53619039,87044703.90805279,77590384.9128162,75269464.66549388,91172682.53619039,100489000.6207979,125593704.7432272,132892703.5236298,100.0,100.0,0.0,13444296.712745115,48003319.830411,57623238.858135924,0.01257,0.012,0.01069,0.01037,0.01257,0.01385,0.01731,0.01832,0.0,0.00185,0.00662,0.00794
21496337967.8677,760,Syrian Arab Republic,145103715.917,63579479.239,145103715.917,63579479.239,14.683180641871871,1124.279264417886,497409.42593232356,466974.2675153761,431926.5023853627,410105.42397424654,497409.42593232356,540811.84086853,735177.0221046748,780398.9213921399,100.0,100.0,0.0,73837.57335315389,303250.51971931214,370293.4974178933,0.00231,0.00217,0.00201,0.00191,0.00231,0.00252,0.00342,0.00363,0.0,0.00034,0.00141,0.00172
7765000282.29397,762,Tajikistan,350098376.73800004,251569293.11,350098376.73800004,251569293.11,93.900257793679,7265.924464686105,3115201.88587604,2917324.3524101744,2722142.2833891166,2573440.0548415063,3115201.88587604,3501378.4421674698,4812937.065666421,5026072.554679308,100.0,100.0,0.0,584054.0897572953,2090794.7822773047,2452632.499837802,0.04012,0.03757,0.03506,0.03314,0.04012,0.04509,0.06198,0.06473,0.0,0.00752,0.02693,0.03159
506754212432.991,764,Thailand,50774462848.453,67343032583.84901,50774462848.453,67343032583.84901,23104.18468874723,1784553.1357564048,930431745.8324683,894256545.9150068,814012686.7392399,794648241.2030146,930431745.8324683,1033588225.611605,1326570408.7092438,1404300695.4166524,100.0,100.0,0.0,139331679.6965983,512557721.97000384,609652454.2136378,0.18361,0.17647,0.16063,0.15681,0.18361,0.20396,0.26178,0.27712,0.0,0.02749,0.10115,0.12031
7029217931.75029,768,Togo,3766697808.6689997,2062414030.8490002,3766697808.6689997,2062414030.8490002,1228.0961602589314,94656.58238937429,55481099.19916499,53357801.353644386,47749906.12835351,45827068.49128087,55481099.19916499,58316043.68570652,73856327.79899067,77489645.03576882,100.0,100.0,0.0,4958242.332062133,26106421.67063716,31662576.544487953,0.78929,0.75909,0.67931,0.65195,0.78929,0.82962,1.0507,1.10239,0.0,0.07054,0.3714,0.45044
488906860.874058,776,Tonga,3841643.784,2986612.852,3841643.784,2986612.852,1.5653389334409387,120.3953688947073,103232.20341928983,95629.15498143584,93948.50417238,93468.8748998616,103232.20341928983,117796.95165321958,153848.69916659265,161706.9203482862,100.0,100.0,0.0,22167.79667178374,59900.19499421265,68238.04544842459,0.02111,0.01956,0.01922,0.01912,0.02111,0.02409,0.03147,0.03308,0.0,0.00453,0.01225,0.01396
24322359037.409,780,Trinidad and Tobago,142091326813.604,173912783845.733,142091326813.604,173912783845.733,24803.982310136296,1898538.7458416983,1121983463.962472,1059944019.366062,974408866.4310876,940420465.7961296,1121983463.962472,1193782728.6636517,1544298520.6606095,1639766826.7289212,100.0,100.0,0.0,133838709.29758966,569889654.2295219,699346360.9327916,4.61297,4.3579,4.00623,3.86649,4.61297,4.90817,6.3493,6.74181,0.0,0.55027,2.34307,2.87532
427049432157.931,784,United Arab Emirates,181971228187.72403,87871056139.788,181971228187.72403,87871056139.788,88407.44577727423,6839966.106328146,4274599791.1389103,4192587598.3584075,3682591205.2293577,3586535351.1838207,4274599791.1389103,4693673685.161246,5754129719.928245,6066361381.580788,100.0,100.0,0.0,501086086.8028388,2071538514.6988869,2479826030.396967,1.00096,0.98176,0.86233,0.83984,1.00096,1.09909,1.34742,1.42053,0.0,0.11734,0.48508,0.58069
42686509835.5287,788,Tunisia,5336330906.784,6516358806.863,5336330906.784,6516358806.863,1500.4798343735617,115563.29491190171,71538264.60188608,70405643.26134619,62214565.41759551,61014664.63169013,71538264.60188608,79316531.41993879,96017344.08259383,101777355.01777978,100.0,100.0,0.0,8910888.158592597,33802778.664998315,40762690.38608965,0.16759,0.16494,0.14575,0.14294,0.16759,0.18581,0.22494,0.23843,0.0,0.02088,0.07919,0.09549
778476714087.962,792,Türkiye,47978353655.399,51678462905.021996,47978353655.399,51678462905.021996,17230.21032302001,1329382.492155042,766761113.6836329,746804312.8674854,661747339.3344642,645579591.2758745,766761113.6836329,851222622.2547219,1048185903.9089538,1110344398.7080634,100.0,100.0,0.0,104418309.38723648,386438564.5744896,464764807.43218887,0.0985,0.09593,0.08501,0.08293,0.0985,0.10934,0.13465,0.14263,0.0,0.01341,0.04964,0.0597
40765428571.4286,795,Turkmenistan,13704541978.251,3828715009.052,13704541978.251,3828715009.052,6065.09043651625,469742.21944430633,296834870.2863744,300801287.5029668,250208950.6666039,244349222.4406628,296834870.2863744,341191816.1056358,398060961.93624115,419347225.89751714,100.0,100.0,0.0,40390528.602669,147852011.26963726,174998003.45685434,0.72815,0.73788,0.61378,0.5994,0.72815,0.83696,0.97647,1.02868,0.0,0.09908,0.36269,0.42928
1113178000.0,796,Turks and Caicos Islands,454618.34,2894324.344,454618.33999999997,2894324.344,0.15862193597408603,12.086677160811497,7239.82483436601,6606.205480757215,6344.2556559857885,6266.173340104316,7239.82483436601,7706.617743355413,9573.9828410288,10409.85571408637,100.0,100.0,0.0,1100.4122625981981,3229.7271850430106,4143.682373982055,0.00065,0.00059,0.00057,0.00056,0.00065,0.00069,0.00086,0.00094,0.0,0.0001,0.00029,0.00037
48015219.9526234,798,Tuvalu,54685.649,12168.248,54685.649,12168.248,0.021206626635371786,1.6238036639827103,530.625446762677,490.7586536887708,485.8526412905742,486.1278124465877,530.625446762677,610.2399688199373,793.7891944947346,832.9129772301263,100.0,100.0,0.0,119.48131513116653,307.9365532041604,346.7851647835386,0.00111,0.00102,0.00101,0.00101,0.00111,0.00127,0.00165,0.00173,0.0,0.00025,0.00064,0.00072
32927025621.3848,800,Uganda,176097878.013,184913026.314,176097878.013,184913026.314,26.90227563280767,2071.8785082596564,701479.3003654254,656327.0258336697,593808.8002776322,567579.5041762869,701479.3003654254,775750.4778131298,1012107.1694355197,1065301.5656623077,100.0,100.0,0.0,119423.45197946008,418298.36915788753,497722.0614860208,0.00213,0.00199,0.0018,0.00172,0.00213,0.00236,0.00307,0.00324,0.0,0.00036,0.00127,0.00151
130891086689.522,804,Ukraine,44840478398.011,17778978819.05,44840478398.011,17778978819.05,14570.12806554475,1124488.7040384891,721115683.9630789,712836905.4185584,614914596.4372253,603311118.3773175,721115683.9630789,790908229.1907151,936570728.3436953,1001971433.6495866,100.0,100.0,0.0,78071323.77215672,321656131.90646994,398660315.272269,0.55093,0.5446,0.46979,0.46093,0.55093,0.60425,0.71553,0.7655,0.0,0.05965,0.24574,0.30457
12683068033.1043,807,North Macedonia,602528380.152,2372010273.498,602528380.152,2372010273.498,150.7171599512084,11569.38839903746,7559273.834261032,7366655.067846126,6545359.757245186,6395498.6350086685,7559273.834261032,8393908.29466115,10246936.710393887,11043007.810562333,100.0,100.0,0.0,1027253.2268150235,3701576.953148701,4647509.175553665,0.0596,0.05808,0.05161,0.05043,0.0596,0.06618,0.08079,0.08707,0.0,0.0081,0.02919,0.03664
262588632526.73,818,Egypt,26876461353.471,13016465227.72,26876461353.471,13016465227.72,8288.98784056984,639985.9728584249,336500573.38275325,328005086.1653934,284151244.4495326,273810362.8394493,336500573.38275325,371761446.13223785,455137014.96495485,479910514.5391544,100.0,100.0,0.0,43756359.96684444,170985770.51542222,206100151.69970512,0.12815,0.12491,0.10821,0.10427,0.12815,0.14158,0.17333,0.18276,0.0,0.01666,0.06512,0.07849
2878152147315.82,826,United Kingdom,83005758365.276,131507656028.467,83005758365.276,131507656028.467,19860.163077273155,1521640.7597575213,836404389.8028202,808724201.79301,740598695.648596,717442340.7024848,836404389.8028202,911380611.7691816,1130004686.2840707,1189153015.224385,100.0,100.0,0.0,102656409.97617161,389405990.6354747,471710674.5219002,0.02906,0.0281,0.02573,0.02493,0.02906,0.03167,0.03926,0.04132,0.0,0.00357,0.01353,0.01639
57003686049.4102,834,"Tanzania, United Republic of",536482985.50100005,516023975.045,536482985.50100005,516023975.045,144.4950822133708,11133.873523033733,4635847.964035497,4284321.587020177,3857235.2186865355,3726939.630906194,4635847.964035497,5106125.508478283,6672533.67253047,7091645.386481785,100.0,100.0,0.0,821803.9214581056,2815298.453843935,3364705.755575591,0.00813,0.00752,0.00677,0.00654,0.00813,0.00896,0.01171,0.01244,0.0,0.00144,0.00494,0.0059
20533057312000.0,840,United States of America,388376963312.242,439986311154.763,388376963312.242,439986311154.763,243626.85852910945,18818732.858574126,10110813737.60895,9837609982.535797,8486826540.186037,8145027280.317634,10110813737.60895,11164522501.495474,13757488413.654104,14479441661.025763,100.0,100.0,0.0,1326912518.9596767,5270661873.468067,6334414380.708129,0.04924,0.04791,0.04133,0.03967,0.04924,0.05437,0.067,0.07052,0.0,0.00646,0.02567,0.03085
15890066209.8959,854,Burkina Faso,119776302.782,136175388.528,119776302.782,136175388.528,30.70934118148432,2375.643906035563,1566954.882461813,1584818.3178703578,1316676.8509557173,1303186.5972556334,1566954.882461813,1793772.7124706057,2086820.6310364215,2232720.575249465,100.0,100.0,0.0,208954.39460024796,770143.7800807043,929533.9779938317,0.00986,0.00997,0.00829,0.0082,0.00986,0.01129,0.01313,0.01405,0.0,0.00132,0.00485,0.00585
65203071110.6037,858,Uruguay,2225819066.2060003,1719343443.322,2225819066.2060003,1719343443.322,2540.16791941051,196233.9262752624,77215515.16860272,77988581.06663656,64162115.94923233,62286995.39647519,77215515.16860272,85301900.39772874,100109459.84774853,109381125.78002024,100.0,100.0,0.0,7313319.331092179,35947343.8985162,47094130.38354505,0.11842,0.11961,0.0984,0.09553,0.11842,0.13082,0.15353,0.16775,0.0,0.01122,0.05513,0.07223
52870108217.5626,860,Uzbekistan,2382812158.976,646552531.792,2382812158.976,646552531.792,711.1716556606749,55014.27681209076,31788823.866931576,31845185.20108603,26946814.41456046,26239082.33284157,31788823.866931576,36303754.439692564,43319475.17708111,45641266.70704503,100.0,100.0,0.0,4458569.238606535,16372660.762520649,19402184.374203462,0.06013,0.06023,0.05097,0.04963,0.06013,0.06867,0.08194,0.08633,0.0,0.00843,0.03097,0.0367
,862,Venezuela (Bolivarian Rep. of),47608868706.921005,18466120450.100998,47608868706.921005,18466120450.100998,20843.65861072988,1610616.6079162476,962459427.6402112,933232517.0460594,820185162.0966686,775350699.554424,962459427.6402112,1010909407.2566475,1256558296.060152,1309737995.661998,100.0,100.0,0.0,77676890.2105881,436373133.96348345,534387296.107574,,,,,,,,,,,,
21606161066.2074,887,Yemen,863589267.383,374773117.369,863589267.3829999,374773117.369,68.15767980490013,5250.575503288386,5009992.5764978975,4859495.443325415,4296067.15210566,4194833.011067812,5009992.5764978975,5332542.754124621,6623106.558602463,7044586.023140378,100.0,100.0,0.0,473047.3107992057,2327039.4064968033,2849753.012072566,0.02319,0.02249,0.01988,0.01941,0.02319,0.02468,0.03065,0.0326,0.0,0.00219,0.01077,0.01319
26311506435.0598,894,Zambia,915366710.248,1403102789.097,915366710.248,1403102789.097,269.2656021987708,20731.569907635156,8601539.394821031,7642399.943549252,7080648.202015515,6812538.974011962,8601539.394821031,9461411.015749441,12730412.356644461,13429470.148864612,100.0,100.0,0.0,1819011.0722001893,5649764.1546289455,6616931.17485265,0.03269,0.02905,0.02691,0.02589,0.03269,0.03596,0.04838,0.05104,0.0,0.00691,0.02147,0.02515
