gdp_2018_wb,dest_iso_code,dest_country,vol_kg,val_usd,vol_kg_recon,val_usd_recon,ene_tj_recon,co2_t_recon,bau_usd_23_recon,bau_usd_30_recon,bau_usd_40_recon,bau_usd_50_recon,s24_usd_23_recon,s24_usd_30_recon,s24_usd_40_recon,s24_usd_50_recon,pct_vol_recon,pct_val_recon,s24_usd_23_recon_del,s24_usd_30_recon_del,s24_usd_40_recon_del,s24_usd_50_recon_del,bau_23_pct_gdp,bau_30_pct_gdp,bau_40_pct_gdp,bau_50_pct_gdp,s24_23_pct_gdp,s24_30_pct_gdp,s24_40_pct_gdp,s24_50_pct_gdp,s24_del_23_pct_gdp,s24_del_30_pct_gdp,s24_del_40_pct_gdp,s24_del_50_pct_gdp
18418860354.4238,004,Afghanistan,3425111387.732,918625825.679,3425111387.732,918625825.679,439.8999328200566,34012.97433759061,16734688.398750233,16258595.67347053,14212431.430113383,13766262.899142899,16734688.398750233,18538012.52867109,22809449.714609653,23982953.70210404,100.0,100.0,0.0,2279416.855200559,8597018.28449627,10216690.80296114,0.09086,0.08827,0.07716,0.07474,0.09086,0.10065,0.12384,0.13021,0.0,0.01238,0.04668,0.05547
15156424061.9815,008,Albania,608053758.3,1117440260.257,608053758.3,1117440260.257,156.22561136165973,11955.554901930316,7224656.477036521,6913183.125498561,6508937.4202915365,6334971.140599727,7224656.477036521,7944302.332989685,9742375.013165912,10211436.398069102,100.0,100.0,0.0,1031119.207491124,3233437.592874375,3876465.2574693756,0.04767,0.04561,0.04295,0.0418,0.04767,0.05242,0.06428,0.06737,0.0,0.0068,0.02133,0.02558
174910891124.491,012,Algeria,13475061361.832,8179151340.702001,13475061361.832,8179151340.702001,5769.899228021079,445774.09808790317,288776046.1861723,288306783.94622374,244584230.12446845,239801376.4705316,288776046.1861723,323624999.12296593,382315064.3131936,406757892.63155997,100.0,100.0,0.0,35318215.176742196,137730834.18872517,166956516.16102836,0.1651,0.16483,0.13983,0.1371,0.1651,0.18502,0.21858,0.23255,0.0,0.02019,0.07874,0.09545
3218419896.93327,020,Andorra,133200609.46200001,296826087.324,133200609.46200001,296826087.324,14.312169831429314,1097.3343952745802,508996.4601548472,483948.2686354727,446035.47247839055,435012.2381395904,508996.4601548472,553012.9817558058,694325.9356198712,734600.2455018144,100.0,100.0,0.0,69064.7131203331,248290.4631414807,299588.007362224,0.01582,0.01504,0.01386,0.01352,0.01582,0.01718,0.02157,0.02282,0.0,0.00215,0.00771,0.00931
77792944471.9494,024,Angola,5222726902.154,4662062331.331,5222726902.154,4662062331.331,3221.127316857012,249076.11626087222,111038033.17027295,106625153.83542152,97161995.74401958,91086312.47332227,111038033.17027295,119483227.05737913,152371318.37306127,158262234.2827742,100.0,100.0,0.0,12858073.221957609,55209322.62904169,67175921.80945194,0.14274,0.13706,0.1249,0.11709,0.14274,0.15359,0.19587,0.20344,0.0,0.01653,0.07097,0.08635
1604770370.37037,028,Antigua and Barbuda,25822288.406,41425534.998,25822288.406,41425534.997999996,4.783662092506958,368.0554499963015,198459.89198222966,184750.64117110908,178239.5904154948,176133.15151233066,198459.89198222966,219550.63279636105,285092.457734021,299762.87019878795,100.0,100.0,0.0,34799.991625251976,106852.8673185262,123629.71868645729,0.01237,0.01151,0.01111,0.01098,0.01237,0.01368,0.01777,0.01868,0.0,0.00217,0.00666,0.0077
47112479289.4186,031,Azerbaijan,1573328636.517,2171450493.567,1573328636.517,2171450493.567,450.98200039087715,34835.00877754698,17551264.393855862,16757037.901259618,15161189.428750312,14493927.55043867,17551264.393855862,19404461.19810614,25280288.06393218,26560586.18623235,100.0,100.0,0.0,2647423.296846522,10119098.635181868,12066658.63579368,0.03725,0.03557,0.03218,0.03076,0.03725,0.04119,0.05366,0.05638,0.0,0.00562,0.02148,0.02561
524819898586.906,032,Argentina,16205436455.452,14603928942.291,16205436455.452,14603928942.291,6918.991013529574,534997.26973533,342764695.34432775,337520581.0904254,289034431.1714693,281241501.9732938,342764695.34432775,377213237.9851632,454425711.281261,481504057.7687782,100.0,100.0,0.0,39692656.89473784,165391280.10979176,200262555.79548442,0.06531,0.06431,0.05507,0.05359,0.06531,0.07187,0.08659,0.09175,0.0,0.00756,0.03151,0.03816
1428266513154.48,036,Australia,90785269505.721,125392809595.034,90785269505.721,125392809595.034,38147.72686131699,2953167.557492298,1690368307.2880619,1650758015.1419084,1487138466.4519584,1450366578.4848282,1690368307.2880619,1895731849.2070882,2354168041.2800174,2471229237.10314,100.0,100.0,0.0,244973834.06517982,867029574.828059,1020862658.6183116,0.11835,0.11558,0.10412,0.10155,0.11835,0.13273,0.16483,0.17302,0.0,0.01715,0.06071,0.07148
454991174096.094,040,Austria,22157276872.438,29970296642.91,22157276872.438,29970296642.91,6024.713384169166,463551.69248174765,245452710.73221007,235832476.2583151,212547257.89044178,206562160.12608704,245452710.73221007,270126260.05820185,337557605.76730907,357096739.0175912,100.0,100.0,0.0,34293783.79988676,125010347.8768673,150534578.89150414,0.05395,0.05183,0.04671,0.0454,0.05395,0.05937,0.07419,0.07848,0.0,0.00754,0.02748,0.03309
12653600000.0,044,Bahamas,6439313214.989,2504916922.636,6439313214.989,2504916922.636,850.5340870514538,65206.358420599,35786926.63826124,34118705.64372102,30725847.92715482,29514707.125548672,35786926.63826124,37979132.25506589,48619763.085161954,51009457.30567456,100.0,100.0,0.0,3860426.6113448665,17893915.158007134,21494750.18012589,0.28282,0.26964,0.24282,0.23325,0.28282,0.30014,0.38424,0.40312,0.0,0.03051,0.14141,0.16987
37802005319.1489,048,Bahrain,11374055146.076002,4825441477.359,11374055146.076002,4825441477.359,932.545315489732,72094.800328768,28789112.477616895,27966494.069437385,25389301.214769922,24659962.725006472,28789112.477616895,31111087.492982995,39067278.65385894,41044823.28235898,100.0,100.0,0.0,3144593.42354561,13677977.439089015,16384860.55735251,0.07616,0.07398,0.06716,0.06523,0.07616,0.0823,0.10335,0.10858,0.0,0.00832,0.03618,0.04334
12457940705.3088,051,Armenia,360982908.612,267599698.495,360982908.612,267599698.495,81.8672147922586,6320.598576610159,3325802.156773972,3226254.4856138905,2873697.829145448,2769236.437244009,3325802.156773972,3752835.858350995,4736618.066606045,4987453.627650997,100.0,100.0,0.0,526581.3727371045,1862920.237460597,2218217.1904069874,0.0267,0.0259,0.02307,0.02223,0.0267,0.03012,0.03802,0.04003,0.0,0.00423,0.01495,0.01781
5097283200.0,052,Barbados,861107780.767,523860146.328,861107780.767,523860146.328,230.10391040522143,17592.46445949397,10138795.740245255,9925626.657314433,9026822.961450882,8824108.387452668,10138795.740245255,11105265.29955845,13391550.99381932,14145344.132804055,100.0,100.0,0.0,1179638.6422440168,4364728.032368438,5321235.745351387,0.19891,0.19472,0.17709,0.17311,0.19891,0.21787,0.26272,0.27751,0.0,0.02314,0.08563,0.10439
543299066998.892,056,Belgium,146352431069.623,113150776775.823,146352431069.623,113150776775.823,24514.632964653803,1868220.5138678644,875668735.3954735,839856521.343139,763268903.6748058,741054037.2223643,875668735.3954735,942963254.5442781,1187510764.6337974,1254810442.672419,100.0,100.0,0.0,103106733.20113909,424241860.95899165,513756405.45005476,0.16118,0.15458,0.14049,0.1364,0.16118,0.17356,0.21857,0.23096,0.0,0.01898,0.07809,0.09456
7225977000.0,060,Bermuda,421051129.475,565553247.199,421051129.475,565553247.199,124.97307719605385,9552.991072033357,5642557.108641937,5393536.332313805,5096799.097839061,4966233.611093586,5642557.108641937,6138085.495761731,7579009.376578098,7922707.86460725,100.0,100.0,0.0,744549.1634479258,2482210.278739037,2956474.253513664,0.07809,0.07464,0.07053,0.06873,0.07809,0.08494,0.10489,0.10964,0.0,0.0103,0.03435,0.04091
40287647930.5355,068,Bolivia (Plurinational State of),2635934946.277,3619995440.968,2635934946.277,3619995440.968,2080.1606466560083,161029.59110700877,86236035.21598612,81714211.6947984,77593380.79246716,76679935.30830534,86236035.21598612,95556828.85520612,123554938.20411739,129797582.4475382,100.0,100.0,0.0,13842617.160407722,45961557.411650226,53117647.13923286,0.21405,0.20283,0.1926,0.19033,0.21405,0.23719,0.30668,0.32218,0.0,0.03436,0.11408,0.13185
20484048415.5019,070,Bosnia and Herzegovina,777374369.219,492576916.72900003,777374369.219,492576916.72900003,167.43938935831824,12876.107501004482,8599280.92760351,8120963.689111422,7443934.287352711,7168653.665228549,8599280.92760351,8991283.439477576,11168737.474000959,11747680.021155404,100.0,100.0,0.0,870319.7503661541,3724803.1866482478,4579026.355926855,0.04198,0.03965,0.03634,0.035,0.04198,0.04389,0.05452,0.05735,0.0,0.00425,0.01818,0.02235
17031943186.1353,072,Botswana,2000630249.132,2017045175.934,2000630249.132,2017045175.934,217.7133219232301,16812.6924777919,7788245.447350146,7538724.8963779,6832214.842327618,6665179.460303207,7788245.447350146,8613247.69966539,10850769.34683008,11406588.815458246,100.0,100.0,0.0,1074522.8032874903,4018554.5045024613,4741409.355155039,0.04573,0.04426,0.04011,0.03913,0.04573,0.05057,0.06371,0.06697,0.0,0.00631,0.02359,0.02784
1916933708404.16,076,Brazil,130502589093.526,99270939896.996,130502589093.526,99270939896.996,62219.95360208537,4808285.848478138,2771830967.055205,2738450549.2642126,2353589067.913395,2267746921.9813194,2771830967.055205,3075955894.556687,3711427669.9273667,3900579406.844203,100.0,100.0,0.0,337505345.29247427,1357838602.0139718,1632832484.8628836,0.1446,0.14286,0.12278,0.1183,0.1446,0.16046,0.19361,0.20348,0.0,0.01761,0.07083,0.08518
2315000000.0,084,Belize,523525540.81500006,319571598.471,523525540.81500006,319571598.47099996,200.92773606214487,15302.955277317007,7061562.811822178,6702470.537981472,6461158.514307838,6385142.456748317,7061562.811822178,7869019.027730008,10090017.554591654,10654112.368492905,100.0,100.0,0.0,1166548.4897485357,3628859.040283816,4268969.911744588,0.30504,0.28952,0.2791,0.27582,0.30504,0.33991,0.43585,0.46022,0.0,0.05039,0.15675,0.1844
1615478421.45974,090,Solomon Islands,2616090288.3069997,243214148.08900002,2616090288.3069997,243214148.08900002,1033.1763563298043,79908.91461971047,59857537.61379166,57448710.29987357,51007123.89135759,49580292.108572334,59857537.61379166,61545953.477393255,77725706.63319518,83035676.97723801,100.0,100.0,0.0,4097243.1775196865,26718582.741837583,33455384.86866568,3.70525,3.55614,3.1574,3.06908,3.70525,3.80977,4.81131,5.14001,0.0,0.25362,1.65391,2.07093
13567164444.9707,096,Brunei Darussalam,3833892262.636,2377520068.31,3833892262.636,2377520068.31,886.863488018091,68247.98091453475,40170513.77226544,38553174.59412938,35141126.06708136,34107382.076069206,40170513.77226544,43988494.20410647,56317067.44341874,60173998.59199913,100.0,100.0,0.0,5435319.609977089,21175941.37633738,26066616.515929922,0.29609,0.28417,0.25902,0.2514,0.29609,0.32423,0.4151,0.44353,0.0,0.04006,0.15608,0.19213
66399602077.1693,100,Bulgaria,6525390045.881,5263733180.216001,6525390045.881,5263733180.216001,1190.1441145371577,90825.04178176922,45444428.31498474,43795957.12020137,40161924.28855769,39661544.42020944,45444428.31498474,50038070.95893847,61370242.011171006,65722968.88266399,100.0,100.0,0.0,6242113.8387371,21208317.722613312,26061424.46245455,0.06844,0.06596,0.06049,0.05973,0.06844,0.07536,0.09243,0.09898,0.0,0.0094,0.03194,0.03925
67144726167.9294,104,Myanmar,15784079010.571999,11143916965.423,15784079010.571999,11143916965.423,6350.446988113948,488489.98874698306,317711947.74782735,307655216.8176403,277425109.86819774,271026440.05041915,317711947.74782735,348264281.22202814,432545208.9309984,462456025.6065673,100.0,100.0,0.0,40609064.40438783,155120099.06280065,191429585.55614817,0.47317,0.4582,0.41317,0.40365,0.47317,0.51868,0.6442,0.68875,0.0,0.06048,0.23102,0.2851
2667182198.97925,108,Burundi,245572493.30600002,162101974.657,245572493.306,162101974.657,87.42962601124634,6766.538050677781,4336245.728190416,4299696.64454292,3911797.759988359,3854094.5240389826,4336245.728190416,4757608.608078325,5883787.897006233,6189616.3891740795,100.0,100.0,0.0,457911.96353540476,1971990.137017874,2335521.865135097,0.16258,0.16121,0.14666,0.1445,0.16258,0.17838,0.2206,0.23207,0.0,0.01717,0.07394,0.08757
60031163987.191,112,Belarus,38832814837.865,14740973718.178,38832814837.865,14740973718.178,4708.366530240073,355436.1179434113,164367826.25550902,159774774.11454883,140829923.42423227,136070576.82984447,164367826.25550902,176657397.83500612,216462183.15455756,229116552.72305924,100.0,100.0,0.0,16882623.720457286,75632259.73032528,93045975.89321476,0.2738,0.26615,0.23459,0.22667,0.2738,0.29428,0.36058,0.38166,0.0,0.02812,0.12599,0.155
24571753581.7841,116,Cambodia,3118929860.972,3566707301.315,3118929860.972,3566707301.315,741.0400730887474,56958.03758696948,31908229.703892935,31022889.914990637,27762696.54582183,27250563.691915702,31908229.703892935,35435274.1158983,43665055.00176733,46504341.13081816,100.0,100.0,0.0,4412384.200907666,15902358.4559455,19253777.438902456,0.12986,0.12625,0.11299,0.1109,0.12986,0.14421,0.1777,0.18926,0.0,0.01796,0.06472,0.07836
39973842058.565,120,Cameroon,1876227135.496,1012971278.289,1876227135.496,1012971278.289,682.4440546369696,52559.03592240772,27159213.284218192,27014876.03089799,22980447.46973924,22869226.478906393,27159213.284218192,30252911.412466917,35841402.75451564,38768290.39329133,100.0,100.0,0.0,3238035.3815689273,12860955.2847764,15899063.914384939,0.06794,0.06758,0.05749,0.05721,0.06794,0.07568,0.08966,0.09698,0.0,0.0081,0.03217,0.03977
2205099509.15921,132,Cabo Verde,617851002.001,343684054.851,617851002.001,343684054.851,297.5094795013295,22873.349176528198,10224514.669615129,9555554.686950259,8983032.483502995,8640333.786095684,10224514.669615129,11129962.876334578,14818206.739856923,15627060.412483336,100.0,100.0,0.0,1574408.189384319,5835174.256353928,6986726.626387652,0.46368,0.43334,0.40738,0.39183,0.46368,0.50474,0.672,0.70868,0.0,0.0714,0.26462,0.31684
5530178498.90783,136,Cayman Islands,73184859.59,183821737.65,73184859.59,183821737.65,19.135907579237013,1461.4236932364715,787043.2845741949,736638.1839987495,706491.6042762867,693228.2776749256,787043.2845741949,866364.9767219636,1113301.354862776,1167032.1326498196,100.0,100.0,0.0,129726.79272321414,406809.7505864892,473803.85497489397,0.01423,0.01332,0.01278,0.01254,0.01423,0.01567,0.02013,0.0211,0.0,0.00235,0.00736,0.00857
2220979144.52008,140,Central African Republic,42135648.346,34604836.159,42135648.34599999,34604836.159,10.233061537469323,790.0492130322658,388622.1600412517,369190.66343876865,326688.38307866175,318612.0464955747,388622.1600412517,431166.153289264,547030.3783928689,582145.0251332275,100.0,100.0,0.0,61975.48985049536,220341.99531420716,263532.97863765276,0.0175,0.01662,0.01471,0.01435,0.0175,0.01941,0.02463,0.02621,0.0,0.00279,0.00992,0.01187
94493871351.4217,144,Sri Lanka,14114208847.93,7740384630.198,14114208847.93,7740384630.198,3617.7898215890928,279717.849281125,164361281.892774,161173493.35025626,141939528.5791982,139247057.55952698,164361281.892774,181473060.01581514,222972541.86966667,237003779.59326735,100.0,100.0,0.0,20299566.665558875,81033013.29046845,97756722.03374037,0.17394,0.17057,0.15021,0.14736,0.17394,0.19205,0.23597,0.25081,0.0,0.02148,0.08575,0.10345
295402646018.151,152,Chile,29710660557.226997,20831565979.952,29710660557.226997,20831565979.952,19488.404026117132,1507104.2443714032,847935510.3772177,815132065.4337845,727168236.4578166,702126445.7299489,847935510.3772177,923725889.9627359,1160706320.8781178,1218909883.100862,100.0,100.0,0.0,108593824.5289514,433538084.4203012,516783437.37091315,0.28704,0.27594,0.24616,0.23768,0.28704,0.3127,0.39292,0.41263,0.0,0.03676,0.14676,0.17494
13894907485398.9,156,China,774336738330.052,490722268753.185,774336738330.052,490722268753.185,340968.153945734,26350979.05914006,14334947625.747198,14016848668.86042,12333623171.637217,11896617505.63537,14334947625.747198,16029201306.686565,19780840350.66867,20837379212.634598,100.0,100.0,0.0,2012352637.8261452,7447217179.031454,8940761706.999228,0.10317,0.10088,0.08876,0.08562,0.10317,0.11536,0.14236,0.14996,0.0,0.01448,0.0536,0.06435
334198218100.716,170,Colombia,1391483907.023,4493253004.413,1391483907.023,4493253004.413,562.1815095691466,43478.861591674955,20841643.39966841,19688357.71712366,18422410.03829589,17875560.537591755,20841643.39966841,23257552.94862867,30632760.821118534,32095151.193831082,100.0,100.0,0.0,3569195.2315050103,12210350.782822642,14219590.656239327,0.00624,0.00589,0.00551,0.00535,0.00624,0.00696,0.00917,0.0096,0.0,0.00107,0.00365,0.00425
1188797449.96036,174,Comoros,190851724.723,46820606.9,190851724.723,46820606.9,59.46403531971232,4598.133056729329,2527044.931142712,2535913.896584091,2126208.0507350895,2058930.3834188445,2527044.931142712,2776798.0653994996,3222702.4024093053,3430864.6414490407,100.0,100.0,0.0,240884.16881540883,1096494.3516742159,1371934.2580301962,0.21257,0.21332,0.17885,0.17319,0.21257,0.23358,0.27109,0.2886,0.0,0.02026,0.09224,0.11541
47568210020.9338,180,"Congo, Dem. Rep. of the",2406578259.732,1519138286.332,2406578259.732,1519138286.332,1324.783613744325,102442.54265876519,44227183.83669093,42940364.283175714,38705914.00373606,36605105.45273568,44227183.83669093,49033641.86742232,61113552.73614386,63790945.21540961,100.0,100.0,0.0,6093277.584246606,22407638.7324078,27185839.76267393,0.09298,0.09027,0.08137,0.07695,0.09298,0.10308,0.12848,0.1341,0.0,0.01281,0.04711,0.05715
62420164964.6987,188,Costa Rica,7617994004.717999,9612751161.538,7617994004.717999,9612751161.538,4224.41021804709,325706.5362972913,170603729.8274502,164037706.546934,148831383.36771685,142502193.36712912,170603729.8274502,187728869.06866404,243799650.66638196,256812282.18225086,100.0,100.0,0.0,23691162.521730036,94968267.2986651,114310088.81512174,0.27332,0.2628,0.23843,0.2283,0.27332,0.30075,0.39058,0.41143,0.0,0.03795,0.15214,0.18313
61330483609.8835,191,Croatia,7175234913.029,5926235990.692,7175234913.029,5926235990.692,1138.4589148246278,87475.55770026194,55730130.47059686,53814438.83950492,48548333.3573696,46801240.32050703,55730130.47059686,59702758.52616237,72050288.14221485,76061708.30780646,100.0,100.0,0.0,5888319.686657451,23501954.784845248,29260467.987299435,0.09087,0.08775,0.07916,0.07631,0.09087,0.09735,0.11748,0.12402,0.0,0.0096,0.03832,0.04771
25597301190.678,196,Cyprus,5108835524.55,4850936557.832,5108835524.55,4850936557.832001,1407.0885065634116,108393.74045808688,58984725.053025015,56292007.70003863,51249824.03992135,50196797.88351321,58984725.053025015,63217256.84683516,78209313.02680367,83387046.14627285,100.0,100.0,0.0,6925249.146796532,26959488.98688232,33190248.26275964,0.23043,0.21991,0.20022,0.1961,0.23043,0.24697,0.30554,0.32576,0.0,0.02705,0.10532,0.12966
249000540729.179,203,Czechia,24115880417.494,50700949927.051,24115880417.494,50700949927.051,3353.430217571355,255751.02472585684,130328871.95598556,123463357.52678837,117131301.60279103,112262512.2476376,130328871.95598556,141949226.0365131,183140076.03246146,191389063.13815838,100.0,100.0,0.0,18485868.50972472,66008774.42967044,79126550.89052078,0.05234,0.04958,0.04704,0.04509,0.05234,0.05701,0.07355,0.07686,0.0,0.00742,0.02651,0.03178
14262408079.7005,204,Benin,2268802854.0230002,919370215.104,2268802854.0230002,919370215.104,1433.8612346262612,110821.71429090129,65610395.71257207,66340701.52565975,55731797.49373892,55069636.45777981,65610395.71257207,75131056.54397604,87659980.4068655,93181790.42526557,100.0,100.0,0.0,8790355.018316291,31928182.913126588,38112153.967485756,0.46002,0.46514,0.39076,0.38612,0.46002,0.52678,0.61462,0.65334,0.0,0.06163,0.22386,0.26722
356841216410.068,208,Denmark,22036498304.219,25983461538.403,22036498304.219,25983461538.403,4034.8519840463437,305422.4353929179,164814706.18961152,159106437.99656865,142783765.56923538,138411970.87090212,164814706.18961152,179788239.00332457,222058471.88395533,235591883.6183695,100.0,100.0,0.0,20681801.00675592,79274706.31471995,97179912.74746737,0.04619,0.04459,0.04001,0.03879,0.04619,0.05038,0.06223,0.06602,0.0,0.0058,0.02222,0.02723
85555390385.9812,214,Dominican Republic,14247726428.882,11762669955.196,14247726428.882,11762669955.196,4094.5278642366548,315784.00862579717,186767122.6899867,182898624.79224703,161374695.10760316,158670786.86843324,186767122.6899867,205321654.40694007,252415423.635868,269227575.0625478,100.0,100.0,0.0,22423029.614693046,91040728.52826485,110556788.19411457,0.2183,0.21378,0.18862,0.18546,0.2183,0.23999,0.29503,0.31468,0.0,0.02621,0.10641,0.12922
107562008000.0,218,Ecuador,13996118632.317,13112109674.448002,13996118632.317,13112109674.448002,6293.853228416648,486534.1258827625,274352992.67711735,270799366.4387269,239078519.40052646,233689564.51166773,274352992.67711735,302745687.4248919,372250994.32492286,393270003.6023273,100.0,100.0,0.0,31946320.986164987,133172474.9243964,159580439.09065956,0.25506,0.25176,0.22227,0.21726,0.25506,0.28146,0.34608,0.36562,0.0,0.0297,0.12381,0.14836
26020850000.0,222,El Salvador,4115635713.538,2628279436.5080004,4115635713.538,2628279436.5080004,1328.3414067276203,102635.35403574171,61011335.2610618,60797673.58733129,52841401.422372036,51449503.449089065,61011335.2610618,67389527.82118143,81397365.7474012,85879038.44798222,100.0,100.0,0.0,6591854.233850144,28555964.325029157,34429534.99889316,0.23447,0.23365,0.20307,0.19772,0.23447,0.25898,0.31282,0.33004,0.0,0.02533,0.10974,0.13232
84269196152.0333,231,Ethiopia,48162187.460999995,36935072.595,48162187.460999995,36935072.595,9.898784782511006,764.4193095967428,433109.4930340949,420518.1263943474,375110.88000746263,369671.53608205967,433109.4930340949,485078.3900477318,598628.3545631499,634023.5061560618,100.0,100.0,0.0,64560.263653384405,223517.47455568722,264351.9700740021,0.00051,0.0005,0.00045,0.00044,0.00051,0.00058,0.00071,0.00075,0.0,8e-05,0.00027,0.00031
30624720196.2285,233,Estonia,5022563467.991,3765988605.077,5022563467.991,3765988605.077,469.731359195349,35309.018131744146,18063410.707859572,17541973.004169874,15629858.02765765,15233032.555357672,18063410.707859572,19682099.21820352,24186124.71190601,25756389.185541447,100.0,100.0,0.0,2140126.2140336446,8556266.684248358,10523356.630183775,0.05898,0.05728,0.05104,0.04974,0.05898,0.06427,0.07898,0.0841,0.0,0.00699,0.02794,0.03436
5581425890.96651,242,Fiji,1588758081.203,1186250023.733,1588758081.2030003,1186250023.733,810.7454627619932,62749.69699917907,38581805.83537969,36674048.43306256,33454725.296529118,32294367.455943752,38581805.83537969,39800615.03899388,51598398.04094677,54481101.5748069,100.0,100.0,0.0,3126566.6059313193,18143672.74441765,22186734.118863147,0.69125,0.65707,0.59939,0.5786,0.69125,0.71309,0.92447,0.97611,0.0,0.05602,0.32507,0.39751
275708001767.838,246,Finland,38626077697.195,40346465828.317,38626077697.195,40346465828.317,7981.926789858341,601955.0179073326,287935703.29466075,276673612.1840921,252927004.19178355,245648862.59463328,287935703.29466075,314362472.8481962,395595378.1911158,420289659.9926196,100.0,100.0,0.0,37688860.664104104,142668373.99933225,174640797.3979863,0.10444,0.10035,0.09174,0.0891,0.10444,0.11402,0.14348,0.15244,0.0,0.01367,0.05175,0.06334
2790956878746.61,250,France,192800198020.672,230323255620.156,192800198020.672,230323255620.156,55881.209227904605,4291462.955376586,2189131602.8203163,2113706485.9783235,1880491204.8296025,1803513712.2043614,2189131602.8203163,2362891329.854562,2948129354.2680926,3096114920.4990373,100.0,100.0,0.0,249184843.87623835,1067638149.4384902,1292601208.2946758,0.07844,0.07573,0.06738,0.06462,0.07844,0.08466,0.10563,0.11093,0.0,0.00893,0.03825,0.04631
6135116260.64814,258,French Polynesia,129652897.728,597621935.751,129652897.728,597621935.751,84.03761396528053,6486.019973369039,2844872.710655832,2584916.035931002,2450127.8115105326,2342996.1772180693,2844872.710655832,3123808.462664753,4279598.4792846,4512286.65942046,100.0,100.0,0.0,538892.4267337513,1829470.6677740677,2169290.482202391,0.04637,0.04213,0.03994,0.03819,0.04637,0.05092,0.06976,0.07355,0.0,0.00878,0.02982,0.03536
17596922469.9152,268,Georgia,1649541284.864,1165203374.529,1649541284.864,1165203374.529,301.015692843231,22926.411079186237,9931011.906884387,9518066.992628146,8923995.492252165,8682880.606050786,9931011.906884387,10754341.198355358,13458346.444850834,14340800.530429753,100.0,100.0,0.0,1236274.2057272121,4534350.952598669,5657919.924378967,0.05644,0.05409,0.05071,0.04934,0.05644,0.06111,0.07648,0.0815,0.0,0.00703,0.02577,0.03215
1670671340.37966,270,Gambia,569631244.863,67404870.351,569631244.863,67404870.351,250.41255013732751,19210.583454474556,10665704.222155215,10511207.125469573,9075377.195906254,9054844.255094018,10665704.222155215,11722213.67629586,14138106.095852073,15416173.107638044,100.0,100.0,0.0,1211006.550826287,5062728.89994582,6361328.852544026,0.63841,0.62916,0.54322,0.54199,0.63841,0.70165,0.84625,0.92275,0.0,0.07249,0.30304,0.38076
3974443355019.53,276,Germany,274947903422.261,531792377696.447,274947903422.261,531792377696.447,63060.8889241752,4813434.838721745,2476367817.28084,2387684628.957431,2152168110.9554358,2073395956.8768942,2476367817.28084,2725059381.18268,3400222553.1623664,3566915736.109528,100.0,100.0,0.0,337374752.2252493,1248054442.2069306,1493519779.2326338,0.06231,0.06008,0.05415,0.05217,0.06231,0.06856,0.08555,0.08975,0.0,0.00849,0.0314,0.03758
67298913752.0241,288,Ghana,3118256033.639,1615411058.3539999,3118256033.639,1615411058.3539999,1267.012435253942,97977.96422945947,61594728.18018641,62147105.62608767,55876717.25783245,55637004.86640453,61594728.18018641,69765373.05376035,83956985.7210195,88567529.75433409,100.0,100.0,0.0,7618267.427672677,28080268.463187054,32930524.88792956,0.09152,0.09234,0.08303,0.08267,0.09152,0.10366,0.12475,0.1316,0.0,0.01132,0.04172,0.04893
196501504.185186,296,Kiribati,15686231.989,14075948.016999999,15686231.989,14075948.016999999,4.476526981980446,343.92822739422485,181189.0650741362,166994.86953380427,158378.03675585467,147890.78007258323,181189.0650741362,194969.81908247297,275515.20121154387,290824.64669002086,100.0,100.0,0.0,27974.949548668694,117137.1644556892,142933.86661743763,0.09221,0.08498,0.0806,0.07526,0.09221,0.09922,0.14021,0.148,0.0,0.01424,0.05961,0.07274
212049447242.107,300,Greece,33803398317.235,19978400645.907,33803398317.235,19978400645.907,7781.415187335898,600019.0104409765,376452730.93035215,373794273.0530633,321175917.6063275,312183460.4963791,376452730.93035215,419295830.81495214,498293766.1216167,527951827.32501507,100.0,100.0,0.0,45501557.76188886,177117848.51528925,215768366.828636,0.17753,0.17628,0.15146,0.14722,0.17753,0.19773,0.23499,0.24898,0.0,0.02146,0.08353,0.10175
3055791340.7025,304,Greenland,74568940.829,329772736.264,74568940.829,329772736.264,97.72431224786493,7481.922891789231,2698839.7598329918,2546580.790644769,2469381.4320652457,2451942.314199917,2698839.7598329918,3066825.931418708,3852750.1133679594,4039213.8144092276,100.0,100.0,0.0,520245.14077393897,1383368.6813027137,1587271.5002093106,0.08832,0.08334,0.08081,0.08024,0.08832,0.10036,0.12608,0.13218,0.0,0.01702,0.04527,0.05194
1166514814.81481,308,Grenada,160550440.219,167889085.725,160550440.219,167889085.725,21.212443280915764,1619.0290188526717,925444.1422345741,913344.4348018866,836833.5775901255,810845.835982906,925444.1422345741,1013742.7026624585,1180365.0064946215,1238955.695356095,100.0,100.0,0.0,100398.26786057197,343531.428904496,428109.8593731889,0.07933,0.0783,0.07174,0.06951,0.07933,0.0869,0.10119,0.10621,0.0,0.00861,0.02945,0.0367
73328369925.8478,320,Guatemala,8807097063.084,7028133181.159,8807097063.084,7028133181.159,3019.5780345719872,232666.51960550447,132626148.94357398,128826998.55645338,115045085.90008183,111356557.19192049,132626148.94357398,143996149.59819028,180869428.58423477,190540246.85829636,100.0,100.0,0.0,15169151.0417369,65824342.684152946,79183689.66637588,0.18087,0.17569,0.15689,0.15186,0.18087,0.19637,0.24666,0.25985,0.0,0.02069,0.08977,0.10799
11857030366.4598,324,Guinea,1363925210.483,303990277.689,1363925210.483,303990277.689,389.66547714561455,30131.757159025798,15878510.504099865,15701471.737679694,13512069.319295373,12821094.209202979,15878510.504099865,18104501.51574543,22163847.64239536,23170905.063812837,100.0,100.0,0.0,2403029.7780657373,8651778.323099986,10349810.854609858,0.13392,0.13242,0.11396,0.10813,0.13392,0.15269,0.18693,0.19542,0.0,0.02027,0.07297,0.08729
4787637005.53638,328,Guyana,120746820086.12999,166004655238.083,120746820086.12999,166004655238.083,14671.520088594883,1119964.7228413087,673986029.8935173,631331864.0544969,590888122.7549117,573595919.6172403,673986029.8935173,730487511.2105646,954224284.2066383,1018586669.7011805,100.0,100.0,0.0,99155647.15606773,363336161.4517267,444990750.08394015,14.07763,13.18671,12.34196,11.98077,14.07763,15.25779,19.93101,21.27535,0.0,2.07108,7.58905,9.29458
24067750465.9361,340,Honduras,4779623399.298,3324313958.5949993,4779623399.298,3324313958.5949993,1399.1806551783563,107790.80022917301,64892875.70988744,64357669.05549355,54986718.58117142,53987718.38009242,64892875.70988744,72099687.69624467,86731474.56268622,93160609.45522632,100.0,100.0,0.0,7742018.640751123,31744755.981514797,39172891.0751339,0.26963,0.2674,0.22847,0.22432,0.26963,0.29957,0.36036,0.38708,0.0,0.03217,0.1319,0.16276
361731070995.726,344,"China, Hong Kong SAR",51440015055.381996,74911252681.252,51440015055.381996,74911252681.252,10519.958766839143,813123.6405667347,423816821.13957506,408919261.6771067,357782605.2986521,344273737.4188995,423816821.13957506,469875804.4457635,589763645.8096371,623070638.2343467,100.0,100.0,0.0,60956542.76865685,231981040.51098496,278796900.8154473,0.11716,0.11305,0.09891,0.09517,0.11716,0.1299,0.16304,0.17225,0.0,0.01685,0.06413,0.07707
160565642983.587,348,Hungary,8264772351.082001,10777785942.128,8264772351.082001,10777785942.128,1984.336013249683,152538.8410272805,101853659.92430915,100571634.44003622,93559057.3640554,91981355.3476978,101853659.92430915,110827689.5186532,135021206.21974477,142244106.37667063,100.0,100.0,0.0,10256055.078616977,41462148.85568938,50262751.028972834,0.06343,0.06264,0.05827,0.05729,0.06343,0.06902,0.08409,0.08859,0.0,0.00639,0.02582,0.0313
26260850582.0687,352,Iceland,2293824310.436,2227220841.29,2293824310.436,2227220841.29,908.2694321045278,69412.38018411395,49122087.4044023,46864969.856799126,44098044.22307209,43147232.21576945,49122087.4044023,53347315.08197855,65728959.655488186,69182458.98326965,100.0,100.0,0.0,6482345.225179426,21630915.432416096,26035226.7675002,0.18705,0.17846,0.16792,0.1643,0.18705,0.20314,0.25029,0.26344,0.0,0.02468,0.08237,0.09914
2702929639861.5,356,India,246703405839.626,126540237997.34799,246703405839.626,126540237997.34799,107219.0421496867,8252176.951936765,4579288382.125767,4461736354.402958,3967828129.74837,3868405112.009656,4579288382.125767,5058859847.730168,6197436519.736029,6558367497.07603,100.0,100.0,0.0,597123493.3272104,2229608389.9876585,2689962385.066374,0.16942,0.16507,0.1468,0.14312,0.16942,0.18716,0.22929,0.24264,0.0,0.02209,0.08249,0.09952
1042271532953.36,360,Indonesia,90415459454.584,63777919914.997,90415459454.584,63777919914.997,38831.723194216705,3002405.5660763453,1660157352.884692,1606191700.991911,1403613187.5412054,1351165071.0432155,1660157352.884692,1835669454.9866211,2277110544.042179,2406815628.261563,100.0,100.0,0.0,229477753.9947102,873497356.5009737,1055650557.2183473,0.15928,0.1541,0.13467,0.12964,0.15928,0.17612,0.21848,0.23092,0.0,0.02202,0.08381,0.10128
327900695065.853,364,Iran (Islamic Republic of),5189823797.987,6361382980.666,5189823797.987,6361382980.666,3065.1379817761003,236979.7840847623,109229554.29305536,101953147.07018247,91935806.58226462,87630894.56962484,109229554.29305536,119555132.69405565,154496217.36534882,161923678.76354983,100.0,100.0,0.0,17601985.623873174,62560410.7830842,74292784.193925,0.03331,0.03109,0.02804,0.02672,0.03331,0.03646,0.04712,0.04938,0.0,0.00537,0.01908,0.02266
385736680797.111,372,Ireland,19608425712.11,15236813726.685,19608425712.11,15236813726.685,4163.5093987420105,318333.8721387157,192589786.84299213,188281697.20514378,168829202.5503876,166339814.87648603,192589786.84299213,210606444.15813792,252678508.91329262,269583730.14601886,100.0,100.0,0.0,22324746.952994138,83849306.36290503,103243915.26953283,0.04993,0.04881,0.04377,0.04312,0.04993,0.0546,0.06551,0.06989,0.0,0.00579,0.02174,0.02677
376691526553.276,376,Israel,23203547823.5,25760614817.552002,23203547823.5,25760614817.552002,8598.545393796087,662737.0300083891,364194089.34597576,355237290.8575812,315314008.23270386,304745772.52821654,364194089.34597576,402429081.96452576,491879510.67954594,517664342.10024196,100.0,100.0,0.0,47191791.10694456,176565502.44684207,212918569.57202542,0.09668,0.0943,0.08371,0.0809,0.09668,0.10683,0.13058,0.13742,0.0,0.01253,0.04687,0.05652
2091932426266.94,380,Italy,155573149663.833,145780556414.734,155573149663.833,145780556414.734,55499.34358893573,4273936.305448316,2592525893.720505,2523534727.561084,2258730338.9843636,2198221492.0141196,2592525893.720505,2840182574.364862,3474274353.9730124,3673666339.329898,100.0,100.0,0.0,316647846.8037782,1215544014.988649,1475444847.3157783,0.12393,0.12063,0.10797,0.10508,0.12393,0.13577,0.16608,0.17561,0.0,0.01514,0.05811,0.07053
58522477744.7313,384,Côte d'Ivoire,9566520888.285,3676341742.434,9566520888.285,3676341742.434,3863.570406594921,298477.52588143,176105948.41023913,177416702.86506912,148838982.3248075,146666320.2562306,176105948.41023913,199920714.73697782,235286952.9806832,251771724.03286517,100.0,100.0,0.0,22504011.871908695,86447970.65587571,105105403.77663457,0.30092,0.30316,0.25433,0.25062,0.30092,0.34161,0.40205,0.43021,0.0,0.03845,0.14772,0.1796
15730791525.65,388,Jamaica,5152320327.561,3510745684.832,5152320327.561,3510745684.832,1438.489432775126,110974.75708559256,57824602.48844863,55895326.22957363,51421377.05301682,50476818.62160234,57824602.48844863,63036003.912275776,80256711.9919859,84673540.73331213,100.0,100.0,0.0,7140677.6827021465,28835334.938969083,34196722.11170979,0.36759,0.35532,0.32688,0.32088,0.36759,0.40072,0.51019,0.53827,0.0,0.04539,0.18331,0.21739
5040880939324.86,392,Japan,280359768414.245,217069453927.19,280359768414.245,217069453927.19,153493.57840808842,11873792.239003949,6600655861.665825,6364491193.975373,5705080163.990169,5519426721.192618,6600655861.665825,7141161988.195514,8981728421.30065,9450429821.849804,100.0,100.0,0.0,776670794.2201405,3276648257.310481,3931003100.6571856,0.13094,0.12626,0.11318,0.10949,0.13094,0.14166,0.17818,0.18748,0.0,0.01541,0.065,0.07798
179339977517.062,398,Kazakhstan,16658753227.266,11547185263.216,16658753227.266,11547185263.216,3002.870697490793,229298.72589142402,100672994.32501183,95823694.99544299,87885039.17861502,86105645.46767262,100672994.32501183,111139278.69683215,137705773.7997161,146079931.59382552,100.0,100.0,0.0,15315583.701389164,49820734.62110107,59974286.1261529,0.05614,0.05343,0.049,0.04801,0.05614,0.06197,0.07678,0.08145,0.0,0.00854,0.02778,0.03344
43370860704.2254,400,Jordan,4553937723.884,2312923703.026,4553937723.884,2312923703.026,1003.2741152563079,77611.44504964231,47809215.22359896,48131424.192025855,41175855.87813943,40111741.5511221,47809215.22359896,54218475.62823597,63912392.25291816,67189355.81257343,100.0,100.0,0.0,6087051.436210118,22736536.374778733,27077614.261451334,0.11023,0.11098,0.09494,0.09249,0.11023,0.12501,0.14736,0.15492,0.0,0.01403,0.05242,0.06243
92202979940.671,404,Kenya,7408583284.702001,4399958049.951,7408583284.702001,4399958049.951,2890.432556714143,223756.90071553623,141988070.81706098,140632542.6081122,123921788.33435905,120960904.6037969,141988070.81706098,157434464.6973579,193083087.91642013,203431899.61266273,100.0,100.0,0.0,16801922.089245707,69161299.58206108,82470995.00886583,0.154,0.15252,0.1344,0.13119,0.154,0.17075,0.20941,0.22063,0.0,0.01822,0.07501,0.08945
1724845615629.26,410,"Korea, Republic of",214669377518.689,152054048615.093,214669377518.689,152054048615.093,113796.98095042002,8794306.21945966,5435637238.477492,5225945887.550169,4722850683.1170025,4572800304.4711075,5435637238.477492,5854694684.040536,7366565903.98344,7764179796.226853,100.0,100.0,0.0,628748796.4903669,2643715220.866438,3191379491.755746,0.31514,0.30298,0.27381,0.26511,0.31514,0.33943,0.42709,0.45014,0.0,0.03645,0.15327,0.18502
138202309918.726,414,Kuwait,12419980601.228,4897748011.917,12419980601.228,4897748011.917,2212.6884748397283,171010.57432950148,103942680.81254332,104556640.69547871,94759033.34862195,93773342.34770608,103942680.81254332,116260899.26848413,140721936.38668755,148276157.07863933,100.0,100.0,0.0,11704258.573005423,45962903.0380656,54502814.73093325,0.07521,0.07565,0.06857,0.06785,0.07521,0.08412,0.10182,0.10729,0.0,0.00847,0.03326,0.03944
8271106196.04253,417,Kyrgyzstan,1454510338.903,763610586.597,1454510338.903,763610586.597,608.99752410958,46931.74654923065,26880790.809826415,26244957.558552448,22854603.22419848,21977816.439497635,26880790.809826415,29994588.78811991,36048923.786290355,37899586.04757483,100.0,100.0,0.0,3749631.2295674607,13194320.562091876,15921769.608077198,0.325,0.31731,0.27632,0.26572,0.325,0.36264,0.43584,0.45822,0.0,0.04533,0.15952,0.1925
18141651381.3884,418,Lao People's Dem. Rep.,3187931391.0810003,2311496878.416,3187931391.0810003,2311496878.416,536.5117064050036,41317.246185214404,22436440.56459266,21358604.188311975,19238384.598955065,18639099.297961317,22436440.56459266,24811329.050544485,31642408.64317884,33582776.36564011,100.0,100.0,0.0,3452724.86223251,12404024.044223774,14943677.067678794,0.12367,0.11773,0.10605,0.10274,0.12367,0.13676,0.17442,0.18511,0.0,0.01903,0.06837,0.08237
54901519155.6219,422,Lebanon,7195708007.245,5283081140.575999,7195708007.245,5283081140.576,2409.0702464122483,186023.57224511294,108428869.36504212,105301608.15463133,96391346.89175178,94479828.18756579,108428869.36504212,115097328.78139547,144603913.91000974,153385796.70977673,100.0,100.0,0.0,9795720.626764134,48212567.01825796,58905968.52221094,0.1975,0.1918,0.17557,0.17209,0.1975,0.20964,0.26339,0.27938,0.0,0.01784,0.08782,0.10729
2556247155.56945,426,Lesotho,726594599.791,631514407.515,726594599.791,631514407.515,62.69710037280672,4844.677587739244,1991009.7023310226,1903582.6950086444,1658143.2732861089,1596993.815972239,1991009.7023310226,2211945.4186555943,2777214.12527057,2923958.7271428686,100.0,100.0,0.0,308362.72364695,1119070.8519844613,1326964.9111706296,0.07789,0.07447,0.06487,0.06247,0.07789,0.08653,0.10864,0.11438,0.0,0.01206,0.04378,0.05191
34429023435.0205,428,Latvia,3248057109.328,1596798255.473,3248057109.328,1596798255.473,401.33931568978414,30221.429878369498,16514443.73764461,15974515.736753324,14369471.181240244,13947703.559869196,16514443.73764461,17961286.886814468,21764225.853247885,23099567.91849955,100.0,100.0,0.0,1986771.1500611436,7394754.672007641,9151864.358630355,0.04797,0.0464,0.04174,0.04051,0.04797,0.05217,0.06321,0.06709,0.0,0.00577,0.02148,0.02658
76686048499.3527,434,Libya,4980446985.934,3661107292.771,4980446985.934,3661107292.771,1279.5703363076773,98593.83426510816,45778648.93027371,44244505.07101694,40967482.43837622,40302235.53257535,45778648.93027371,48660927.7486284,61658791.014979616,65415057.56283302,100.0,100.0,0.0,4416422.677611463,20691308.576603398,25112822.030257672,0.0597,0.0577,0.05342,0.05255,0.0597,0.06345,0.0804,0.0853,0.0,0.00576,0.02698,0.03275
53751411409.4437,440,Lithuania,14317208164.502,8357703955.009,14317208164.502,8357703955.009,1711.3643662552747,129331.6298207393,67022009.550591454,66149326.78707661,58153874.43975082,56243978.18552786,67022009.550591454,74472281.55461252,90011283.57713951,94579789.88419548,100.0,100.0,0.0,8322954.76753591,31857409.13738869,38335811.698667616,0.12469,0.12307,0.10819,0.10464,0.12469,0.13855,0.16746,0.17596,0.0,0.01548,0.05927,0.07132
71000359760.4599,442,Luxembourg,9563817443.519001,8570207167.618,9563817443.519001,8570207167.618,751.8286447193425,56867.50430446654,27655202.101156868,26173686.892301563,23606555.32056266,22931706.81976651,27655202.101156868,29806242.904327165,36856022.38826784,39563634.11232739,100.0,100.0,0.0,3632556.012025602,13249467.067705177,16631927.29256088,0.03895,0.03686,0.03325,0.0323,0.03895,0.04198,0.05191,0.05572,0.0,0.00512,0.01866,0.02343
55284309690.2698,446,"China, Macao SAR",2514703381.527,2472313527.044,2514703381.527,2472313527.044,189.8989400924806,14619.229592881537,10701445.892253656,10428410.705355,8969713.654049229,8470694.06927727,10701445.892253656,11715411.328426171,13978156.542729028,14527215.196915872,100.0,100.0,0.0,1287000.6230711713,5008442.888679799,6056521.127638603,0.01936,0.01886,0.01622,0.01532,0.01936,0.02119,0.02528,0.02628,0.0,0.00233,0.00906,0.01096
13760033282.6071,450,Madagascar,3257857688.21,1112571080.718,3257857688.21,1112571080.718,1043.7068872762468,80775.35484332143,52206089.6459558,52443374.82302887,44155371.88909428,42730307.1469526,52206089.6459558,58129168.28682256,68083819.97051734,71949815.64069602,100.0,100.0,0.0,5685793.4637936875,23928448.08142306,29219508.49374342,0.3794,0.38113,0.3209,0.31054,0.3794,0.42245,0.49479,0.52289,0.0,0.04132,0.1739,0.21235
9880675785.93057,454,Malawi,55493290.303,135481465.27,55493290.303,135481465.27,13.130798851106213,1015.3285113186997,488906.16365072486,463119.51460972975,445426.69849003607,429051.0504158105,488906.16365072486,537140.280542684,731294.0086037368,765050.1438018876,100.0,100.0,0.0,74020.76593295427,285867.3101137007,335999.09338607715,0.00495,0.00469,0.00451,0.00434,0.00495,0.00544,0.0074,0.00774,0.0,0.00075,0.00289,0.0034
358788833524.945,458,Malaysia,8020657151.235,11631624849.376,8020657151.235,11631624849.376,4372.840542484904,337965.2148296042,157044931.02764246,147788089.43574262,130815279.70920397,125852326.40227108,157044931.02764246,175197361.07700613,225019149.54654175,237163010.56165415,100.0,100.0,0.0,27409271.641263515,94203869.83733778,111310684.15938307,0.04377,0.04119,0.03646,0.03508,0.04377,0.04883,0.06272,0.0661,0.0,0.00764,0.02626,0.03102
5300949822.99805,462,Maldives,3915350933.1260004,951429778.5430001,3915350933.1260004,951429778.5430001,838.772093566996,64557.41007600868,41284931.25294438,41252464.10792586,35278100.569116816,34887554.11177437,41284931.25294438,46115751.81675471,53739829.236575246,57646120.87703437,100.0,100.0,0.0,4863287.708828852,18461728.66745843,22758566.765260004,0.77882,0.77821,0.66551,0.65814,0.77882,0.86995,1.01378,1.08747,0.0,0.09174,0.34827,0.42933
17070867577.6666,466,Mali,1659460647.522,1013642128.695,1659460647.522,1013642128.695,337.66265714788733,26048.667470056585,14000217.175919507,13847229.524530103,11825656.010333195,11640232.13050318,14000217.175919507,15642328.016295282,18730918.78558469,20110639.00906821,100.0,100.0,0.0,1795098.4917651787,6905262.775251493,8470406.87856503,0.08201,0.08112,0.06927,0.06819,0.08201,0.09163,0.10972,0.11781,0.0,0.01052,0.04045,0.04962
15298004130.4975,470,Malta,5901143244.026,4593617623.922,5901143244.026,4593617623.922,1026.8394216751112,79187.07955279536,41889487.325450994,40528393.60906967,35676360.07671185,34410128.926299766,41889487.325450994,45697405.26187405,56547910.0417929,59540412.031256914,100.0,100.0,0.0,5169011.652804382,20871549.96508105,25130283.10495715,0.27382,0.26493,0.23321,0.22493,0.27382,0.29871,0.36964,0.3892,0.0,0.03379,0.13643,0.16427
7473550557.07378,478,Mauritania,1242431483.802,550263623.026,1242431483.802,550263623.026,296.5124813830038,22852.537271399935,12618583.543889413,12358390.011566345,10739936.850306198,10492564.296868362,12618583.543889413,13657020.117849838,16780207.858173642,17944957.527664777,100.0,100.0,0.0,1298630.1062834933,6040271.007867444,7452393.230796415,0.16884,0.16536,0.14371,0.1404,0.16884,0.18274,0.22453,0.24011,0.0,0.01738,0.08082,0.09972
14735695930.9727,480,Mauritius,3159600150.581,2452253589.13,3159600150.581,2452253589.13,767.5189814531665,59413.44285223799,34303203.68661433,34029806.65334659,28938053.19193268,27637143.115141794,34303203.68661433,39153867.78426371,47342918.234853685,49545196.94211904,100.0,100.0,0.0,5124061.130917117,18404865.042921007,21908053.826977246,0.23279,0.23093,0.19638,0.18755,0.23279,0.26571,0.32128,0.33623,0.0,0.03477,0.1249,0.14867
13178094719.8612,496,Mongolia,1367520320.365,1584378869.949,1367520320.365,1584378869.949,173.51162015517954,13413.837624844635,6320427.091243334,6004634.590041058,5375419.120448052,5178176.4141209135,6320427.091243334,7100765.519217388,9104658.235441824,9576161.181142764,100.0,100.0,0.0,1096130.9291763296,3729239.1149937725,4397984.767021851,0.04796,0.04557,0.04079,0.03929,0.04796,0.05388,0.06909,0.07267,0.0,0.00832,0.0283,0.03337
11253727815.4762,498,"Moldova, Republic of",537331996.8310001,822251573.359,537331996.8310001,822251573.359,57.25524022103336,4402.595716678352,1712897.156545833,1620805.3935287194,1454464.9167235799,1407587.8332437968,1712897.156545833,1881951.372576287,2354816.583509158,2498671.5951844896,100.0,100.0,0.0,261145.97904756758,900351.666785578,1091083.7619406928,0.01522,0.0144,0.01292,0.01251,0.01522,0.01672,0.02092,0.0222,0.0,0.00232,0.008,0.0097
5506944403.30196,499,Montenegro,987198405.834,492172906.193,987198405.834,492172906.193,130.09883112279599,9948.814994141048,6894199.551535396,6676571.742609827,6206974.229590465,5996398.096369612,6894199.551535396,7475452.062638992,9073849.476299012,9546626.015798638,100.0,100.0,0.0,798880.3200291656,2866875.2467085468,3550227.9194290256,0.12519,0.12124,0.11271,0.10889,0.12519,0.13575,0.16477,0.17336,0.0,0.01451,0.05206,0.06447
,500,Montserrat,159139.17899999997,126518.45000000001,159139.17899999997,126518.45000000001,0.016253249497905867,1.2362710782102624,2605.897474795282,2598.301940274002,2397.192203155451,2320.9818236777746,2605.897474795282,2868.890585141091,3212.9592217660843,3339.1822383737085,100.0,100.0,0.0,270.588644867089,815.7670186106334,1018.2004146959339,,,,,,,,,,,,
127341141871.205,504,Morocco,28872586354.547,19081483664.074,28872586354.547,19081483664.074,9761.25158002824,751614.2992452505,419751487.64934635,412552445.015181,358605577.9710308,348408772.1775616,419751487.64934635,465283302.6480918,564251149.2701405,596884583.6900783,100.0,100.0,0.0,52730857.63291079,205645571.29910976,248475811.51251668,0.32963,0.32397,0.28161,0.2736,0.32963,0.36538,0.4431,0.46873,0.0,0.04141,0.16149,0.19513
14845400592.6712,508,Mozambique,17381215507.988,1845871095.723,17381215507.988,1845871095.723,6296.233412057633,487460.4147083162,307384609.62157625,306439709.7273869,260691558.7827903,249993762.69154367,307384609.62157625,341885455.0477832,408083079.2683861,428133069.1362785,100.0,100.0,0.0,35445745.320396304,147391520.48559582,178139306.44473484,2.07057,2.06421,1.75604,1.68398,2.07057,2.30297,2.74889,2.88394,0.0,0.23877,0.99284,1.19996
91505851755.5267,512,Oman,9926080138.448,7061897165.073999,9926080138.448,7061897165.073999,1904.3061236643296,147354.99478433217,68692688.65815367,65547188.105387375,57899768.024010964,55274889.7463464,68692688.65815367,74005171.5897567,93658189.61734623,98293534.09228463,100.0,100.0,0.0,8457983.484369323,35758421.59333526,43018644.345938236,0.07507,0.07163,0.06327,0.06041,0.07507,0.08087,0.10235,0.10742,0.0,0.00924,0.03908,0.04701
13682019171.6627,516,Namibia,1355275725.106,2051318050.011,1355275725.106,2051318050.011,499.04447094869334,38509.22815967405,21827889.158311665,20995839.13382577,18897957.80114132,18368480.10422457,21827889.158311665,23307388.162757423,29543934.56617918,31371121.131765567,100.0,100.0,0.0,2311549.0289316513,10645976.765037857,13002641.027540997,0.15954,0.15346,0.13812,0.13425,0.15954,0.17035,0.21593,0.22929,0.0,0.01689,0.07781,0.09503
33111525182.7133,524,Nepal,6052911311.316,4402847296.287,6052911311.316,4402847296.287,634.9978429828749,49039.68132008172,27980873.80923179,27239892.884030968,23868980.4690573,23135885.58389301,27980873.80923179,31236354.838507168,38185805.505707756,40256126.664793365,100.0,100.0,0.0,3996461.9544762,14316825.036650456,17120241.080900356,0.0845,0.08227,0.07209,0.06987,0.0845,0.09434,0.11532,0.12158,0.0,0.01207,0.04324,0.0517
914043438179.591,528,Netherlands (Kingdom of the),178055255886.237,155389390261.285,178055255886.237,155389390261.285,43634.750351123235,3333660.5413088235,1611331346.99627,1542635181.512633,1385929450.5671546,1323333409.9168758,1611331346.99627,1717002157.877127,2175435410.634637,2284453662.8991675,100.0,100.0,0.0,174366976.36449385,789505960.0674822,961120252.9822917,0.17629,0.16877,0.15163,0.14478,0.17629,0.18785,0.238,0.24993,0.0,0.01908,0.08638,0.10515
3276187709.49721,533,Aruba,275964118.207,578358059.461,275964118.20699996,578358059.461,66.10782783769106,5087.870541494379,2611640.0650470583,2491329.771330526,2263104.813528042,2166721.555460608,2611640.0650470583,2834323.9173994064,3708234.320623475,3929596.3815595857,100.0,100.0,0.0,342994.14606888033,1445129.5070954333,1762874.8260989776,0.07972,0.07604,0.06908,0.06614,0.07972,0.08651,0.11319,0.11994,0.0,0.01047,0.04411,0.05381
211886686924.483,554,New Zealand,13233813803.306,13367126332.507,13233813803.306,13367126332.507,8221.044222896822,635663.0841104712,402624623.2781343,398101845.2862097,346221972.26867723,342172841.87776965,402624623.2781343,452289778.49773395,546579518.128139,580364743.3136609,100.0,100.0,0.0,54187933.21152425,200357545.85946178,238191901.4358912,0.19002,0.18788,0.1634,0.16149,0.19002,0.21346,0.25796,0.2739,0.0,0.02557,0.09456,0.11241
13025266513.3167,558,Nicaragua,2483670970.5309997,1669260548.8009999,2483670970.5309997,1669260548.8009999,613.5512699543998,47331.70831554049,26192509.61667885,25816658.61818398,22855630.26664627,22517490.19630677,26192509.61667885,28664843.599265873,35244117.556622714,37554916.86791465,100.0,100.0,0.0,2848184.981081892,12388487.289976444,15037426.671607878,0.20109,0.1982,0.17547,0.17288,0.20109,0.22007,0.27058,0.28832,0.0,0.02187,0.09511,0.11545
12808661487.4035,562,Niger,304515076.063,332734085.69,304515076.063,332734085.69,115.47828992109028,8928.510784437121,4574043.9116676655,4441522.737314731,3897050.9521911354,3795218.981844151,4574043.9116676655,5041007.754828419,6240981.809772902,6578773.109109072,100.0,100.0,0.0,599485.0175136877,2343930.857581767,2783554.127264921,0.03571,0.03468,0.03043,0.02963,0.03571,0.03936,0.04872,0.05136,0.0,0.00468,0.0183,0.02173
421739210176.152,566,Nigeria,21425695434.225002,24087343749.127,21425695434.225002,24087343749.127,10630.88994298434,821058.437795671,470647751.08464944,450548583.7322183,411148569.001701,398338498.84202015,470647751.08464944,494959080.6033562,635100562.6308957,666873261.2044,100.0,100.0,0.0,44410496.87113786,223951993.62919474,268534762.3623798,0.1116,0.10683,0.09749,0.09445,0.1116,0.11736,0.15059,0.15812,0.0,0.01053,0.0531,0.06367
439788625883.8,578,Norway,14506850011.871,20244327470.447,14506850011.871,20244327470.447002,3194.310241407261,242036.54740721107,142796834.07852986,137123074.1818496,126268130.00838289,123548034.8908121,142796834.07852986,153165557.77442718,191043227.20590216,202340929.4846095,100.0,100.0,0.0,16042483.592577577,64775097.19751927,78792894.59379742,0.03247,0.03118,0.02871,0.02809,0.03247,0.03483,0.04344,0.04601,0.0,0.00365,0.01473,0.01792
284900000.0,585,Palau,13817130.556,22919010.16,13817130.556,22919010.16,5.440599626455892,416.97230646622916,354403.6611662689,343219.734764805,329885.81275597727,324029.6273548957,354403.6611662689,381689.90505685046,462990.2192200167,495349.52083443815,100.0,100.0,0.0,38470.170292045455,133104.4064640394,171319.89347954246,0.1244,0.12047,0.11579,0.11373,0.1244,0.13397,0.16251,0.17387,0.0,0.0135,0.04672,0.06013
356128167702.894,586,Pakistan,34060902616.031002,17211416955.121,34060902616.031002,17211416955.121,10936.295982948826,844193.0047785317,464260977.292275,451489095.10136503,402710442.4088454,390354089.2969679,464260977.292275,504979072.62382567,622415177.9745827,656278024.4267622,100.0,100.0,0.0,53489977.52246064,219704735.56573725,265923935.1297943,0.13036,0.12678,0.11308,0.10961,0.13036,0.1418,0.17477,0.18428,0.0,0.01502,0.06169,0.07467
67294169234.6291,591,Panama,4025898591.153,5871899823.876,4025898591.153,5871899823.876,2048.8783985018567,158426.79026989616,68821175.37633055,66280026.87735452,57202308.40213318,55363276.5821155,68821175.37633055,76145599.48195258,96109130.29812981,102235339.5056723,100.0,100.0,0.0,9865572.60459806,38906821.89599663,46872062.923556805,0.10227,0.09849,0.085,0.08227,0.10227,0.11315,0.14282,0.15192,0.0,0.01466,0.05782,0.06965
40225448651.3062,600,Paraguay,3973525233.188,3918743694.025,3973525233.188,3918743694.025,1335.5583516483293,103234.41571708738,61512768.70837942,60491947.29930756,52547336.28033738,50489638.37247521,61512768.70837942,68005030.36605698,82971993.04259117,87050183.9209377,100.0,100.0,0.0,7513083.066749416,30424656.76225379,36560545.548462495,0.15292,0.15038,0.13063,0.12552,0.15292,0.16906,0.20627,0.21641,0.0,0.01868,0.07564,0.09089
222597030191.041,604,Peru,30515132305.388,20972417462.642998,30515132305.388,20972417462.642998,12640.288426557969,977196.2492882612,583422863.2602825,579332611.1755649,513431885.9674834,502877127.2282622,583422863.2602825,653990023.6600125,798628241.4560298,840612084.927079,100.0,100.0,0.0,74657412.4844476,285196355.4885464,337734957.6988168,0.2621,0.26026,0.23066,0.22591,0.2621,0.2938,0.35878,0.37764,0.0,0.03354,0.12812,0.15172
346841896890.489,608,Philippines,56161992128.30701,41752095472.388,56161992128.30701,41752095472.388,15069.693645908286,1163161.6491341975,695487113.421415,677080279.9262104,599938127.6031134,580980933.5910027,695487113.421415,768731288.1198142,956705084.5610733,1011686875.4479902,100.0,100.0,0.0,91651008.19360375,356766956.9579599,430705941.8569875,0.20052,0.19521,0.17297,0.16751,0.20052,0.22164,0.27583,0.29169,0.0,0.02642,0.10286,0.12418
588779850763.487,616,Poland,59050850678.981,59688503929.825,59050850678.981,59688503929.825,11484.15278631884,872218.5222525593,522689741.29076946,504231697.5144405,450450236.7400304,440677015.3086594,522689741.29076946,561568928.3320242,681125541.9543246,730246506.5116638,100.0,100.0,0.0,57337230.81758374,230675305.2142942,289569491.2030044,0.08878,0.08564,0.07651,0.07485,0.08878,0.09538,0.11568,0.12403,0.0,0.00974,0.03918,0.04918
242313116577.963,620,Portugal,33376513769.775,16958858455.751,33376513769.775,16958858455.751,12401.656969259862,955664.1630427314,514026403.97124714,499178814.28791183,439634162.6615494,424721265.50487375,514026403.97124714,556068719.8826536,678677447.4632889,719025117.5014691,100.0,100.0,0.0,56889905.59474176,239043284.8017395,294303851.9965954,0.21213,0.20601,0.18143,0.17528,0.21213,0.22948,0.28008,0.29673,0.0,0.02348,0.09865,0.12146
1563887900.0,626,Timor-Leste,247636439.908,56410728.242000006,247636439.908,56410728.242000006,78.47564427015303,5991.070396719988,6082358.662905042,6043452.595623523,5515378.862664352,5356429.967832103,6082358.662905042,6798588.597491727,7787753.631466571,8123425.149456117,100.0,100.0,0.0,755136.0018682042,2272374.768802219,2766995.181624014,0.38893,0.38644,0.35267,0.34251,0.38893,0.43472,0.49797,0.51944,0.0,0.04829,0.1453,0.17693
183334953818.681,634,Qatar,2887005737.496,1621943022.119,2887005737.496,1621943022.119,597.5792286975992,46140.62973228645,31328514.75425083,30357537.03718172,27114487.673794106,26212398.1320796,31328514.75425083,34037621.332117006,41609105.37164717,43949238.960307315,100.0,100.0,0.0,3680084.294935286,14494617.697853066,17736840.828227714,0.01709,0.01656,0.01479,0.0143,0.01709,0.01857,0.0227,0.02397,0.0,0.00201,0.00791,0.00967
243316050520.725,642,Romania,24236660816.889,16637839294.164999,24236660816.889,16637839294.164999,5042.567346281182,388835.5408299802,172905946.88289246,170184150.65221286,147503300.00815192,143373593.77065372,172905946.88289246,193281841.70922834,231377958.96274132,245263583.86007103,100.0,100.0,0.0,23097691.05701548,83874658.9545894,101889990.08941731,0.07106,0.06994,0.06062,0.05892,0.07106,0.07944,0.09509,0.1008,0.0,0.00949,0.03447,0.04188
1657328764645.93,643,Russian Federation,45704415770.95,81149090914.366,45704415770.95,81149090914.366,10768.754689336401,823674.2839064691,414726048.23891777,394778181.91683143,357339319.00242496,346827018.6516882,414726048.23891777,458332585.60644156,581629884.3845339,615236164.7561795,100.0,100.0,0.0,63554403.68961012,224290565.38210893,268409146.10449123,0.02502,0.02382,0.02156,0.02093,0.02502,0.02765,0.03509,0.03712,0.0,0.00383,0.01353,0.0162
9636510839.30707,646,Rwanda,840576559.543,602446797.987,840576559.543,602446797.987,302.9596804104821,23436.091814820822,14580275.069792936,14390172.30570375,12576058.301166367,12289906.814125242,14580275.069792936,16005791.307945779,19536387.03569927,20685368.510912485,100.0,100.0,0.0,1615619.0022420287,6960328.734532904,8395461.696787244,0.1513,0.14933,0.1305,0.12753,0.1513,0.1661,0.20273,0.21466,0.0,0.01677,0.07223,0.08712
1076922222.22222,659,Saint Kitts and Nevis,44340919.672,139175027.314,44340919.672,139175027.314,17.54061522982295,1352.7583684336298,704827.0200717148,653290.3905823084,642763.6483790276,641347.0168276445,704827.0200717148,804695.8807202601,1044467.0495524899,1097336.309889675,100.0,100.0,0.0,151405.49013795168,401703.4011734623,455989.29306203034,0.06545,0.06066,0.05969,0.05955,0.06545,0.07472,0.09699,0.1019,0.0,0.01406,0.0373,0.04234
2057074074.07407,662,Saint Lucia,197772402.94099998,366895924.11800003,197772402.94099998,366895924.11800003,104.83343927720928,8008.748946132029,5398747.900190725,5024687.669955705,4878126.797860636,4849778.245841779,5398747.900190725,6062854.354934214,7849417.566586014,8261798.976376914,100.0,100.0,0.0,1038166.6849785084,2971290.7687253775,3412020.7305351356,0.26245,0.24426,0.23714,0.23576,0.26245,0.29473,0.38158,0.40163,0.0,0.05047,0.14444,0.16587
884328180.526933,670,Saint Vincent and the Grenadines,90682054.314,68918102.558,90682054.314,68918102.558,7.916727386307866,604.259696535295,303312.89520721097,291485.5265268567,271272.4011131366,267148.8136014943,303312.89520721097,330865.9989967043,412642.622355239,440758.6491882069,100.0,100.0,0.0,39380.47246984759,141370.2212421024,173609.83558671258,0.0343,0.03296,0.03068,0.03021,0.0343,0.03741,0.04666,0.04984,0.0,0.00445,0.01599,0.01963
846583785179.856,682,Saudi Arabia,26774693601.196,29925237669.943,26774693601.196,29925237669.943,12158.982123790713,940567.327099914,479288493.68818486,471920788.0569653,411189676.7629034,393419586.81317574,479288493.68818486,530858367.3164206,648739878.7822922,678449066.6546788,100.0,100.0,0.0,58937579.25945532,237550202.01938885,285029479.8415031,0.05661,0.05574,0.04857,0.04647,0.05661,0.06271,0.07663,0.08014,0.0,0.00696,0.02806,0.03367
23116701539.5646,686,Senegal,5210106332.837,2690541553.092,5210106332.837,2690541553.092,2364.278215878755,182523.1244874279,103481387.28252517,102118032.92633224,87939284.40960118,86434009.86429773,103481387.28252517,113984482.85162394,137602492.5886648,146961628.4229907,100.0,100.0,0.0,11866449.925291702,49663208.17906362,60527618.55869298,0.44765,0.44175,0.38041,0.3739,0.44765,0.49308,0.59525,0.63574,0.0,0.05133,0.21484,0.26184
50640662859.4987,688,Serbia,2782938298.308,3034805549.239,2782938298.308,3034805549.239,421.8071723078667,32336.897174140264,22371443.55515862,21304224.970487922,19658704.612331364,19012152.458443314,22371443.55515862,23963134.525164913,29343277.615226433,31117463.825371046,100.0,100.0,0.0,2658909.554676991,9684573.002895068,12105311.366927732,0.04418,0.04207,0.03882,0.03754,0.04418,0.04732,0.05794,0.06145,0.0,0.00525,0.01912,0.0239
1587813245.28225,690,Seychelles,283019275.059,365885030.316,283019275.059,365885030.316,73.60921891289222,5686.380242053689,2772979.0130846896,2594898.58696935,2390937.2181329806,2270983.2116989135,2772979.0130846896,2947680.8574941694,3986769.7277805167,4215797.868346404,100.0,100.0,0.0,352782.2705248194,1595832.509647536,1944814.6566474908,0.17464,0.16343,0.15058,0.14303,0.17464,0.18564,0.25109,0.26551,0.0,0.02222,0.10051,0.12248
4085114542.06831,694,Sierra Leone,108276586.604,50676376.412,108276586.604,50676376.412,51.060931501749025,3943.3404590071764,2417535.138901019,2422493.716234673,2025450.2704448039,1975252.7550445737,2417535.138901019,2683711.924876104,3199882.747491312,3478764.5938987606,100.0,100.0,0.0,261218.2086414313,1174432.4770465083,1503511.838854187,0.05918,0.0593,0.04958,0.04835,0.05918,0.06569,0.07833,0.08516,0.0,0.00639,0.02875,0.0368
376869585632.115,702,Singapore,212425495493.543,109475328178.764,212425495493.543,109475328178.764,69902.88937241834,5405601.909863035,3188283193.3824444,3125618116.2244964,2717449194.9470763,2621949904.1229296,3188283193.3824444,3483429458.6878057,4258558860.3985853,4489493921.922759,100.0,100.0,0.0,357811342.4633093,1541109665.451509,1867544017.7998295,0.84599,0.82936,0.72106,0.69572,0.84599,0.92431,1.12998,1.19126,0.0,0.09494,0.40892,0.49554
106137924015.591,703,Slovakia,8659159171.712,16052565572.436,8659159171.712,16052565572.436,1842.1504182109381,140584.67673707695,62398586.66538104,59643037.30184383,55791629.10856424,54322975.4771208,62398586.66538104,68059868.32638295,85891728.20879073,90208791.72107281,100.0,100.0,0.0,8416831.02453912,30100099.10022649,35885816.243952006,0.05879,0.05619,0.05257,0.05118,0.05879,0.06412,0.08092,0.08499,0.0,0.00793,0.02836,0.03381
310106472642.968,704,Viet Nam,53314408671.7,68944059017.505,53314408671.7,68944059017.505,22654.796546819256,1750749.6312216865,1068416831.7384835,1066193304.2073649,903527778.6920646,864740356.9753278,1068416831.7384835,1202538191.3171887,1443851623.2720697,1526220850.427076,100.0,100.0,0.0,136344887.10982382,540323844.580005,661480493.4517483,0.34453,0.34382,0.29136,0.27885,0.34453,0.38778,0.4656,0.49216,0.0,0.04397,0.17424,0.21331
54177882425.8421,705,Slovenia,6499624810.748,6164394331.576,6499624810.748,6164394331.576,1860.2181096715042,143677.47891194106,78989137.43365785,78185748.83544332,71766336.37803659,70043151.37337907,78989137.43365785,86949507.6936893,107744297.04950185,112670572.52502558,100.0,100.0,0.0,8763758.858245984,35977960.67146526,42627421.15164651,0.1458,0.14431,0.13246,0.12928,0.1458,0.16049,0.19887,0.20796,0.0,0.01618,0.06641,0.07868
34156069918.0609,716,Zimbabwe,1650497117.315,1803401411.511,1650497117.315,1803401411.511,621.540121665827,48095.254361723186,32527568.741410617,32630691.36539517,30465618.046180338,30262676.518464506,32527568.741410617,36645358.67087731,45220851.560927525,47312614.28188393,100.0,100.0,0.0,4014667.305482138,14755233.514747187,17049937.763419427,0.09523,0.09553,0.0892,0.0886,0.09523,0.10729,0.13239,0.13852,0.0,0.01175,0.0432,0.04992
1421702715218.01,724,Spain,174424802843.488,118828661296.81601,174424802843.488,118828661296.81601,62653.05025738924,4836089.684228601,2852043442.4247017,2790373102.7681303,2442111250.553357,2365064019.174647,2852043442.4247017,3115622891.5345583,3811419024.356972,4025031049.9102573,100.0,100.0,0.0,325249788.766428,1369307773.803615,1659967030.7356105,0.20061,0.19627,0.17177,0.16635,0.20061,0.21915,0.26809,0.28311,0.0,0.02288,0.09631,0.11676
32333780383.2924,729,Sudan,8493969302.938002,3769733557.255,8493969302.938002,3769733557.255,1973.7980686292915,152692.88178743667,90878612.49305733,90791461.5127487,76682998.6642968,74125440.58274746,90878612.49305733,99988820.64290011,118101522.7973532,125154239.51026799,100.0,100.0,0.0,9197359.130151406,41418524.13305639,51028798.92752053,0.28106,0.28079,0.23716,0.22925,0.28106,0.30924,0.36526,0.38707,0.0,0.02845,0.1281,0.15782
3996198760.32389,740,Suriname,1288356949.5189998,243542567.699,1288356949.5189998,243542567.699,238.5075428968225,18233.305307405757,9759314.383800045,9261875.493022436,8624687.397780964,8261922.626011218,9759314.383800045,10569742.891529636,13761308.48419248,14620738.213165414,100.0,100.0,0.0,1307867.3985072002,5136621.086411515,6358815.587154196,0.24421,0.23177,0.21582,0.20674,0.24421,0.26449,0.34436,0.36587,0.0,0.03273,0.12854,0.15912
4666598023.91856,748,Eswatini,600492776.553,477676363.60499996,600492776.553,477676363.60499996,73.04054254496211,5648.492638557318,2661522.483311252,2593054.953910363,2235479.966908281,2160244.3423989355,2661522.483311252,3003289.0625254223,3703943.7763790567,3896028.3968649874,100.0,100.0,0.0,410234.1086150594,1468463.8094707755,1735784.054466052,0.05703,0.05557,0.0479,0.04629,0.05703,0.06436,0.07937,0.08349,0.0,0.00879,0.03147,0.0372
555455371487.089,752,Sweden,26462271996.774998,17577300856.868,26462271996.774998,17577300856.868,7065.481300339601,537321.2295175288,314292524.4889004,300051046.2480968,272137608.2851884,259136576.53953052,314292524.4889004,327105065.100831,416730707.92379487,436252401.722868,100.0,100.0,0.0,27054018.85273415,144593099.6386065,177115825.1833375,0.05658,0.05402,0.04899,0.04665,0.05658,0.05889,0.07503,0.07854,0.0,0.00487,0.02603,0.03189
725562534363.895,756,"Switzerland, Liechtenstein",12629423861.367,54324669517.468,12629423861.367,54324669517.468,1722.697100613141,132353.79361475885,63510478.26937651,59770453.341614924,56348070.60627198,54776484.237026356,63510478.26937651,69653887.03826338,90255034.37596421,94758988.79916948,100.0,100.0,0.0,9883433.696648456,33906963.76969223,39982504.562143125,0.00875,0.00824,0.00777,0.00755,0.00875,0.0096,0.01244,0.01306,0.0,0.00136,0.00467,0.00551
7765000282.29397,762,Tajikistan,767371989.844,528737719.108,767371989.844,528737719.108,275.43618194681596,21183.899649281448,11064928.798339307,10575025.966659766,9449320.980375815,9121406.74529253,11064928.798339307,12212804.501531757,15098545.73175764,15964818.207888134,100.0,100.0,0.0,1637778.5348719917,5649224.751381826,6843411.462595604,0.1425,0.13619,0.12169,0.11747,0.1425,0.15728,0.19444,0.2056,0.0,0.02109,0.07275,0.08813
506754212432.991,764,Thailand,147264740831.625,115383604539.045,147264740831.625,115383604539.045,64846.14733769886,5013386.851380743,3209316346.1914115,3208670078.7502775,2732862428.884583,2676802185.609161,3209316346.1914115,3654445783.1680284,4348295571.600196,4616029108.815864,100.0,100.0,0.0,445775704.41775084,1615433142.715613,1939226923.2067027,0.63331,0.63318,0.53929,0.52822,0.63331,0.72115,0.85807,0.9109,0.0,0.08797,0.31878,0.38268
7029217931.75029,768,Togo,1055663152.392,366978875.85300004,1055663152.392,366978875.85300004,681.5741866364336,52720.81350864147,32529343.938793384,31543618.733170766,27652125.592955668,26695226.215346422,32529343.938793384,34976268.94866418,43751578.64359921,46436108.8219275,100.0,100.0,0.0,3432650.2154934146,16099453.050643545,19740882.60658108,0.46277,0.44875,0.39339,0.37978,0.46277,0.49758,0.62242,0.66062,0.0,0.04883,0.22904,0.28084
24322359037.409,780,Trinidad and Tobago,3547855895.086,3226183518.903,3547855895.086,3226183518.903,977.1959948106435,75366.59132640653,37685784.31940745,36395291.03833952,32548602.825654387,31275269.806452394,37685784.31940745,41489740.69634807,52585028.238115504,55459068.40013188,100.0,100.0,0.0,5094449.658008553,20036425.412461117,24183798.593679488,0.15494,0.14964,0.13382,0.12859,0.15494,0.17058,0.2162,0.22802,0.0,0.02095,0.08238,0.09943
427049432157.931,784,United Arab Emirates,53024043225.713,51761323251.737,53024043225.713,51761323251.737,16919.621557481776,1309369.5853602975,728995902.4146907,699469271.30253,617774799.6648731,595545334.5783757,728995902.4146907,798694796.787132,994642451.1738255,1044931659.7704349,100.0,100.0,0.0,99225525.48460197,376867651.5089524,449386325.19205916,0.17071,0.16379,0.14466,0.13946,0.17071,0.18703,0.23291,0.24469,0.0,0.02324,0.08825,0.10523
42686509835.5287,788,Tunisia,8363011297.199,6209205496.81,8363011297.199,6209205496.81,2869.878241350504,220472.08513434834,121297028.92995122,120067047.94087572,104920268.67637888,103820966.25624175,121297028.92995122,135513033.47795463,162095421.29730168,173015892.7883603,100.0,100.0,0.0,15445985.537078902,57175152.620922804,69194926.53211854,0.28416,0.28128,0.24579,0.24322,0.28416,0.31746,0.37973,0.40532,0.0,0.03618,0.13394,0.1621
778476714087.962,792,Türkiye,166577432554.27798,109662631979.155,166577432554.27798,109662631979.155,51966.37607604672,4010908.2429095735,2310143248.3382316,2288365121.9500813,1969108863.6180441,1907785167.994641,2310143248.3382316,2612883072.1927686,3158365841.56288,3345649139.78829,100.0,100.0,0.0,324517950.2426872,1189256977.944836,1437863971.793649,0.29675,0.29395,0.25294,0.24507,0.29675,0.33564,0.40571,0.42977,0.0,0.04169,0.15277,0.1847
32927025621.3848,800,Uganda,2009539171.036,1271887001.0930002,2009539171.036,1271887001.0930002,971.0973064341865,75177.12147880487,45330140.280787975,44736917.83952167,41522774.75772843,40974879.02576515,45330140.280787975,49468187.90905147,62083594.62046416,65231535.89565152,100.0,100.0,0.0,4731270.069529802,20560819.862735733,24256656.86988637,0.13767,0.13587,0.12611,0.12444,0.13767,0.15024,0.18855,0.19811,0.0,0.01437,0.06244,0.07367
130891086689.522,804,Ukraine,17905091451.333,9474034307.459,17905091451.333,9474034307.459,2486.173306301603,191274.54686891643,120768409.14513537,119405690.97139658,102745277.43702906,101517544.49933207,120768409.14513537,132777356.54597366,156548613.71146366,168993366.3977854,100.0,100.0,0.0,13371665.574577078,53803336.2744346,67475821.89845333,0.09227,0.09123,0.0785,0.07756,0.09227,0.10144,0.1196,0.12911,0.0,0.01022,0.04111,0.05155
12683068033.1043,807,North Macedonia,2354221095.255,2055477245.141,2354221095.255,2055477245.141,376.00337614289856,28878.2085146366,19779239.618785325,19061804.63451245,17038551.0118303,16632089.975692244,19779239.618785325,21648652.643490538,26309716.26795115,28140000.982495803,100.0,100.0,0.0,2586848.0089780875,9271165.25612085,11507911.00680356,0.15595,0.15029,0.13434,0.13114,0.15595,0.17069,0.20744,0.22187,0.0,0.0204,0.0731,0.09073
262588632526.73,818,Egypt,28634612512.655,27530863612.235,28634612512.655,27530863612.235,11174.22831208473,862983.6308282923,477413885.45872605,464626873.7570689,410976331.8989857,399180807.4533613,477413885.45872605,517369453.40347415,640277723.7410225,678456176.4518766,100.0,100.0,0.0,52742579.64640528,229301391.84203678,279275368.99851537,0.18181,0.17694,0.15651,0.15202,0.18181,0.19703,0.24383,0.25837,0.0,0.02009,0.08732,0.10635
2878152147315.82,826,United Kingdom,160352046449.051,200507671926.442,160352046449.051,200507671926.442,44419.27180923838,3400492.1801087614,1812403627.5704293,1720904058.2411225,1563919166.4763591,1510527168.4855678,1812403627.5704293,1942754750.6141987,2462568002.4457784,2593661948.739801,100.0,100.0,0.0,221850692.3730762,898648835.9694192,1083134780.2542331,0.06297,0.05979,0.05434,0.05248,0.06297,0.0675,0.08556,0.09012,0.0,0.00771,0.03122,0.03763
57003686049.4102,834,"Tanzania, United Republic of",4027472962.848,2263695216.988,4027472962.848,2263695216.988,1891.4562700152217,146409.60519351094,73131646.66997106,70554215.6224827,62845162.77636258,60628018.10371448,73131646.66997106,77426807.05437405,98244447.99978457,103819695.2569064,100.0,100.0,0.0,6872591.431891352,35399285.22342199,43191677.153191924,0.12829,0.12377,0.11025,0.10636,0.12829,0.13583,0.17235,0.18213,0.0,0.01206,0.0621,0.07577
20533057312000.0,840,United States of America,595146737824.695,1001884453693.799,595146737824.695,1001884453693.799,273370.4090203324,21064123.90595241,10146989759.216028,9727045464.61117,8527465470.156185,8196093190.612953,10146989759.216028,11102400669.985146,13954441120.232864,14673659336.163954,100.0,100.0,0.0,1375355205.3739758,5426975650.076679,6477566145.551001,0.04942,0.04737,0.04153,0.03992,0.04942,0.05407,0.06796,0.07146,0.0,0.0067,0.02643,0.03155
15890066209.8959,854,Burkina Faso,1328589592.295,732321691.517,1328589592.295,732321691.517,576.8528298804945,44533.84807476928,26154629.90982344,25834418.272136234,22848779.467144977,22401313.01685306,26154629.90982344,28526026.829391237,34913708.99834208,37081853.46665308,100.0,100.0,0.0,2691608.5572550036,12064929.531197105,14680540.449800018,0.1646,0.16258,0.14379,0.14098,0.1646,0.17952,0.21972,0.23337,0.0,0.01694,0.07593,0.09239
65203071110.6037,858,Uruguay,3725247746.1000004,2077951928.4490001,3725247746.1000004,2077951928.4490001,1650.6669154471185,127602.88374327373,88057899.6851482,88358106.21577397,74285518.84046128,72696180.56279849,88057899.6851482,98243296.73948658,115632462.84769082,123017030.71025392,100.0,100.0,0.0,9885190.523712605,41346944.00722954,50320850.14745544,0.13505,0.13551,0.11393,0.11149,0.13505,0.15067,0.17734,0.18867,0.0,0.01516,0.06341,0.07718
52870108217.5626,860,Uzbekistan,2843934254.1790004,2552846221.247,2843934254.1790004,2552846221.247,1126.2656316641908,86902.70499622653,46911260.03316772,44222717.63968043,39835718.60965345,38444284.18235192,46911260.03316772,51283817.72230947,64056924.18257803,67949571.43726324,100.0,100.0,0.0,7061100.08262904,24221205.572924577,29505287.25491132,0.08873,0.08364,0.07535,0.07271,0.08873,0.097,0.12116,0.12852,0.0,0.01336,0.04581,0.05581
21606161066.2074,887,Yemen,2511567284.4170003,1019436321.6949999,2511567284.4170003,1019436321.6949999,1260.065618693329,96579.17078271277,45498420.17555544,45450222.647864215,39555302.0907041,38987289.17194013,45498420.17555544,51719764.836747944,61411070.07521114,65029109.21881452,100.0,100.0,0.0,6269542.188883729,21855767.98450704,26041820.04687439,0.21058,0.21036,0.18307,0.18045,0.21058,0.23938,0.28423,0.30097,0.0,0.02902,0.10116,0.12053
26311506435.0598,894,Zambia,1591092085.091,1742093074.21,1591092085.091,1742093074.21,596.7946500040808,46048.22578514537,19492366.381227467,18582344.749131273,16748602.020414528,16141787.09944571,19492366.381227467,21436764.654094808,27223193.564815912,28623107.36761368,100.0,100.0,0.0,2854419.9049635343,10474591.544401385,12481320.26816797,0.07408,0.07062,0.06366,0.06135,0.07408,0.08147,0.10346,0.10879,0.0,0.01085,0.03981,0.04744
